channel_id;channel_title;view_count;subscriber_count;playlist_id
UCsiSmzL5G7VS_pfKMXqmcjw;NSYNCVEVO;572035818;474128;UUsiSmzL5G7VS_pfKMXqmcjw
UC-xTVl97pv9ftbOu8UfVy_Q;NatalieMerchantVideo;26199696;40106;UU-xTVl97pv9ftbOu8UfVy_Q
UCeEi1My3KTXHT0SG1JkR9gA;a-ha;216942980;338830;UUeEi1My3KTXHT0SG1JkR9gA
UCneR_qQ1NE_u9neBSEJJ7lg;MsAaliyahJay;87678984;1256852;UUneR_qQ1NE_u9neBSEJJ7lg
UCa_4DcdTB9QfK0LY9-7qWuQ;AbbaVEVO;1527781457;1008765;UUa_4DcdTB9QfK0LY9-7qWuQ
UCGEULO7Ruetmngtl593OoXg;AbrahamMateoVEVO;1023444698;2555987;UUGEULO7Ruetmngtl593OoXg
UCmPuJ2BltKsGE2966jLgCnw;acdcVEVO;3202638933;3155876;UUmPuJ2BltKsGE2966jLgCnw
UCansLl8T6imFHqOhfXoAHmg;Ace of Base (Official);283650013;281247;UUansLl8T6imFHqOhfXoAHmg
UCSpA4zQzlhoPCY2-usyGAMA;AdamLambertVEVO;295350658;710228;UUSpA4zQzlhoPCY2-usyGAMA
UComP_epzeKzvBX156r6pm1Q;AdeleVEVO;7971227459;16077466;UUomP_epzeKzvBX156r6pm1Q
UCiXsh6CVvfigg8psfsTekUA;AerosmithVEVO;1619139319;1421120;UUiXsh6CVvfigg8psfsTekUA
UCupqV1eZrI2cj47zDJjmmnA;Age of Chance - Topic;5565;16;UUupqV1eZrI2cj47zDJjmmnA
UC7tb2Of68kIlrtj2qUnJtbQ;Al Green - Topic;5582505;11248;UU7tb2Of68kIlrtj2qUnJtbQ
UC1aSSGX183S8v-_7h78jrhA;Al Jarreau - Topic;1184937;5202;UU1aSSGX183S8v-_7h78jrhA
UCMSnwh4D7Dp8LRo7MW8dHuQ;Al Stewart - Topic;1473070;1770;UUMSnwh4D7Dp8LRo7MW8dHuQ
UCvb0RGY80J8LSG1kIwNSXHA;The Alan Parsons Project - Topic;2892714;7819;UUvb0RGY80J8LSG1kIwNSXHA
UCJrOtniJ0-NWz37R30urifQ;Alan Walker;5904844546;21957585;UUJrOtniJ0-NWz37R30urifQ
UCrTC0tOY5aujQFYDRf65xiw;Alanis Morissette;312581839;400249;UUrTC0tOY5aujQFYDRf65xiw
UCLEEy235pg5e9EghU93GQsw;ALASKA;60635285;372050;UULEEy235pg5e9EghU93GQsw
UC0K-1_31jfkcA4Nd294gMyA;Alejandro Fernández;11993086;2207654;UU0K-1_31jfkcA4Nd294gMyA
UCCEZY5vEQBsQN5i3ceiLo7g;AlejandroSanzVEVO;728613200;1008798;UUCEZY5vEQBsQN5i3ceiLo7g
UCfY49hxU6SByzF1EWaXi8iQ;Alesha Dixon;48167075;83859;UUfY49hxU6SByzF1EWaXi8iQ
UCqGsUXYUYJsAcqi5fOzo4Zw;AlexUbagoChannel;1176798;10183;UUqGsUXYUYJsAcqi5fOzo4Zw
UC4kxdw7t3p1gedZ5Jp3HS5w;AliceCooperVEVO;212653303;178453;UU4kxdw7t3p1gedZ5Jp3HS5w
UChf0Knt-e9Pw8VywfuTZCjA;AliceInChainsVEVO;391598396;359876;UUhf0Knt-e9Pw8VywfuTZCjA
UCK5X3f0fxO4YnVKVZP8p6hg;Alicia Keys;43779774;3258189;UUK5X3f0fxO4YnVKVZP8p6hg
UCSf2D9Hl9_wLDVr-hp05BmA;ALLSAINTS;100269;24009;UUSf2D9Hl9_wLDVr-hp05BmA
UC-GWJZkyivsS-0yMjKMH0AA;Alphaville - Topic;4023506;3450;UU-GWJZkyivsS-0yMjKMH0AA
UCUBlG-MkFjksX7Cb2ofN9gQ;amaiamonteroVEVO;194086832;288689;UUUBlG-MkFjksX7Cb2ofN9gQ
UC5qFG6DtTqTBf91y8Ayh3xA;Pedro Amaral;24017271;546873;UU5qFG6DtTqTBf91y8Ayh3xA
UCOAQl99VpqRnRY6nOqlhe8w;Amistades Peligrosas Catálogo;52615101;65144;UUOAQl99VpqRnRY6nOqlhe8w
UCzfA1278Uq22jQVCV6q19ug;Amparanoia - Topic;44719;375;UUzfA1278Uq22jQVCV6q19ug
UCMf7B1VAmNzjHFRWz1wuMZA;AmyMacdonaldVEVO;141432314;130889;UUMf7B1VAmNzjHFRWz1wuMZA
UCHai12P6Gh7PaIYZGnzyrSA;AmyWinehouseVEVO;1257553674;1638698;UUHai12P6Gh7PaIYZGnzyrSA
UCIbghfR6TYMvvncB1OcglDg;Ana Belén - Topic;519973;1923;UUIbghfR6TYMvvncB1OcglDg
UCSCnPN56BRVSDBacr5oeTag;Deep Forest;1262875;15980;UUSCnPN56BRVSDBacr5oeTag
UCTeTkUjjdRO4TA14GTRAUhg;Anastacia Kay;40004996;480906;UUTeTkUjjdRO4TA14GTRAUhg
UCb4JB8-ZAeceuR7EPCPOPzg;Andrea Bocelli;39614093;1699184;UUb4JB8-ZAeceuR7EPCPOPzg
UCbf7RSta_cgMhOYR_l2LkEQ;The Corrs (official);4310898;36803;UUbf7RSta_cgMhOYR_l2LkEQ
UCmScN8QPLtu6bjUpvfehDDQ;Andrés Calamaro - Topic;1784699;16822;UUmScN8QPLtu6bjUpvfehDDQ
UCLUi5qNAy5THSAI4neRPkSQ;Andy & Lucas - Topic;1880839;4141;UULUi5qNAy5THSAI4neRPkSQ
UCYkW00cPFkp1UzYON7XZB2A;EurythmicsVEVO;454996219;417178;UUYkW00cPFkp1UzYON7XZB2A
UCDg8OKNNZEvWvMAYtXZMPMQ;Antônio Carlos Jobim - Topic;984996;8242;UUDg8OKNNZEvWvMAYtXZMPMQ
UCaKeasZJuQ_ZYw0o9hsfGbg;Lolita Flores - Topic;14430;157;UUaKeasZJuQ_ZYw0o9hsfGbg
UCgGS3ZLoy95z51vGVUCO_rA;AntonioOrozcoVEVO;208711758;254136;UUgGS3ZLoy95z51vGVUCO_rA
UCPJ_C8cE5qywedmDVCwpirg;Vincent Antonio Vega;0;6590;UUPJ_C8cE5qywedmDVCwpirg
UC1W2JL-3XugukNaj3IWoM3g;McQueen;71142432;613689;UU1W2JL-3XugukNaj3IWoM3g
UCUiiO_bccZFMVmnJ2Jj95lg;ArcadeFireVEVO;162631542;292288;UUUiiO_bccZFMVmnJ2Jj95lg
UC-KTRBl9_6AX10-Y7IKwKdw;Official Arctic Monkeys;1358763949;3861941;UU-KTRBl9_6AX10-Y7IKwKdw
UCSuWu2ZVL3kRmKtCggqskQQ;ArethaFranklinVEVO;40537946;89260;UUSuWu2ZVL3kRmKtCggqskQQ
UCJ0uqCI0Vqr2Rrt1HseGirg;The Late Late Show with James Corden;5524103056;18400198;UUJ0uqCI0Vqr2Rrt1HseGirg
UCvjuHsFBWDJptFxYu5rwhXw;Ariel Rot;2675764;5822;UUvjuHsFBWDJptFxYu5rwhXw
UCcIszZPVuroWlLXu4HjZdEw;SimonGarfunkelVEVO;192305161;164391;UUcIszZPVuroWlLXu4HjZdEw
UC35rgHcf2wBYMHwxLtyG5Dg;AshleeSimpsonVEVO;73366218;67689;UU35rgHcf2wBYMHwxLtyG5Dg
UC1SqP7_RfOC9Jf9L_GRHANg;AviciiOfficialVEVO;6059538834;11512889;UU1SqP7_RfOC9Jf9L_GRHANg
UCC6XuDtfec7DxZdUa7ClFBQ;AvrilLavigneVEVO;3655688089;7168789;UUC6XuDtfec7DxZdUa7ClFBQ
UCUFdeo1oLLH_QPlaQfZrqbg;BackstreetBoysVEVO;2052024022;1934172;UUUFdeo1oLLH_QPlaQfZrqbg
UCDE5Ezmxq1bNVak4lmkpCMw;Epitaph Records;1651894630;2232718;UUDE5Ezmxq1bNVak4lmkpCMw
UCby1_syIoXAn08evtGbX0zQ;Bananarama - Topic;706433;2705;UUby1_syIoXAn08evtGbX0zQ
UCzIOJfQMRe_-TlUOeVMqzzQ;TheBanglesVEVO;144807381;97272;UUzIOJfQMRe_-TlUOeVMqzzQ
UCzSMLQdgZwTE4emG7teJ5lw;barbrastreisandVEVO;50905226;72447;UUzSMLQdgZwTE4emG7teJ5lw
UCrtwSXAnOmk5TPqxRrmrXTw;Barry White - Topic;7788079;25826;UUrtwSXAnOmk5TPqxRrmrXTw
UCpRUSBcRWUQZIj3_jWF19Dg;BeastieBoys;23090448;284241;UUpRUSBcRWUQZIj3_jWF19Dg
UC2An1KRcyBwl905jl3goCAA;BeatrizLuengoVEVO;90640459;146720;UU2An1KRcyBwl905jl3goCAA
UC5-gWZXAQqSGVfPHkA7NRiQ;Bebe Rexha;2080743729;6176974;UU5-gWZXAQqSGVfPHkA7NRiQ
UCE5X055cpI10qBP94jUH6cQ;Bebo Valdés - Topic;66981;638;UUE5X055cpI10qBP94jUH6cQ
UC0vSB46MmHTwwxQrAo62Dgg;GoodNeighborStuff;55044490;249957;UU0vSB46MmHTwwxQrAo62Dgg
UCD9sCcKXnFxMeuFoNayVxeQ;beegees;1132899519;1240586;UUD9sCcKXnFxMeuFoNayVxeQ
UCNdGpL-nNKk1nnHcO6kLY1w;Belén Arjona - Topic;13394;117;UUNdGpL-nNKk1nnHcO6kLY1w
UCNXhnmPS1NvkwWolhfxe4nA;BelindaCarlisleHD;22919802;19282;UUNXhnmPS1NvkwWolhfxe4nA
UCBjOg7XJfcgUjfF3BNCw3IA;Ben Harper;14623993;79563;UUBjOg7XJfcgUjfF3BNCw3IA
UCJhmf1IP1bXfPB3XTQcJJmw;Benny Goodman - Topic;887829;2989;UUJhmf1IP1bXfPB3XTQcJJmw
UC2IDkGu61j_mwNJOc54Sb5w;BERTH OH!;606466769;6294448;UU2IDkGu61j_mwNJOc54Sb5w
UC9zX2xZIJ4cnwRsgBpHGvMg;BeyoncéVEVO;9393003027;13610292;UU9zX2xZIJ4cnwRsgBpHGvMg
UCW-raws5Iq2xLADkLcEoVaA;Billie Holiday - Topic;1584312;9560;UUW-raws5Iq2xLADkLcEoVaA
UCELh-8oY4E5UBgapPGl5cAg;billyjoelVEVO;637375108;401147;UUELh-8oY4E5UBgapPGl5cAg
UC3BuiU3nA2hT9Fq0ekBIcuQ;Bing Crosby - Topic;2578346;5589;UU3BuiU3nA2hT9Fq0ekBIcuQ
UCFbRdRGijPR4oBjQ0fVCSmw;Björk;87451700;327794;UUFbRdRGijPR4oBjQ0fVCSmw
UCY8iijN1AkyDCh1Z9akcqUA;funkyblackcat;587584816;2678342;UUY8iijN1AkyDCh1Z9akcqUA
UCrx-X329UKv0Y06VhfpFVvw;Black Sabbath;176086722;501927;UUrx-X329UKv0Y06VhfpFVvw
UChY2rr3U2xAfu1pW-x2fqcg;Blondie & Co;17107090;191901;UUhY2rr3U2xAfu1pW-x2fqcg
UCIvE0AhNMRKfk62GdsgZhoA;StallionsTV / SoaR Blur!;101639875;744924;UUIvE0AhNMRKfk62GdsgZhoA
UCZwMj-i4JMwzkPMGqD8sZrw;BobDylanVEVO;177651378;215497;UUZwMj-i4JMwzkPMGqD8sZrw
UCZKXNdqxqIFavuBFwci1Slg;DamianMarleyVEVO;370066794;761559;UUZKXNdqxqIFavuBFwci1Slg
UC-W2r6noRdQhaC5VqBqqnhg;BobbyMcFerrinVEVO;130213095;54815;UU-W2r6noRdQhaC5VqBqqnhg
UCwlTofOAY79PS_GhmborAdA;BonJoviVEVO;3371181258;2995366;UUwlTofOAY79PS_GhmborAdA
UCHFPpw9jReIhssGTUNUZBoA;BoneyMVEVO;250297743;405118;UUHFPpw9jReIhssGTUNUZBoA
UC3Kmov5NYlfcDFS5OPcix7g;bonnietylerVEVO;655014286;798418;UU3Kmov5NYlfcDFS5OPcix7g
UCITtis6-2E91zer7IRZghCw;The Voice Australia;579006336;671714;UUITtis6-2E91zer7IRZghCw
UC6zyJTWons-MYXdejeH_O8g;Boyzone - Topic;757428;3689;UU6zyJTWons-MYXdejeH_O8g
UC8Xf09X-hwLJkpAZ_16LwbQ;BrandiCarlileVEVO;51022440;65919;UU8Xf09X-hwLJkpAZ_16LwbQ
UCoWPCwCsQmBwoXBCL_laaIw;Brian Eno - Topic;1053199;8226;UUoWPCwCsQmBwoXBCL_laaIw
UCZijND2e2tPp2AQL8Go2YSg;BritneySpearsVEVO;4697133367;5177183;UUZijND2e2tPp2AQL8Go2YSg
UCcu7ANuD9J7hnTQCREqIc4Q;Bruce Springsteen;39021354;694072;UUcu7ANuD9J7hnTQCREqIc4Q
UCoUM-UJ7rirJYP8CQ0EIaHA;Bruno Mars;10370559578;24145599;UUoUM-UJ7rirJYP8CQ0EIaHA
UCxuYPUdTZHRZKVRZ1km1plw;Bryan Adams;1135414678;2030419;UUxuYPUdTZHRZKVRZ1km1plw
UCfxccxELSP7sFI2h5-rNJ3Q;Bryan Ferry;40739523;79176;UUfxccxELSP7sFI2h5-rNJ3Q
UCpbyOgUSjTSPpvVUAT2OyHw;Blonde in the Belly of the Beast;6329478;122062;UUpbyOgUSjTSPpvVUAT2OyHw
UCYYeCcLlJNGPbRmLYdxmLNA;Buffalo Tom - Topic;57473;124;UUYYeCcLlJNGPbRmLYdxmLNA
UC5V2ROnCIT1Cj2YbDZRkaFA;Buika Fans;12537028;21873;UU5V2ROnCIT1Cj2YbDZRkaFA
UCbEWK-hyGIoEVyH7ftg8-uA;CaetanoVelosoVEVO;187242869;341353;UUbEWK-hyGIoEVyH7ftg8-uA
UCzPufOWXzjZDnTRKxH7EweQ;Café Quijano;45968500;94510;UUzPufOWXzjZDnTRKxH7EweQ
UCgLJgiGNBPdISct3KvhKeYA;CafeTacubaVEVO;492182869;608254;UUgLJgiGNBPdISct3KvhKeYA
UCaHNFIob5Ixv74f5on3lvIw;CalvinHarrisVEVO;10415516269;12671145;UUaHNFIob5Ixv74f5on3lvIw
UCnmaW_YVh9iJAFVOsLR7W2w;Camila Coelho;279391283;3427076;UUnmaW_YVh9iJAFVOsLR7W2w
UC09d82usokACH1z5YeKnfiA;FifthHarmonyVEVO;5650462704;10283725;UU09d82usokACH1z5YeKnfiA
UC4Ne9kQbw6E6uNOqCDyGoBA;BornHIVFree;2388104;6905;UU4Ne9kQbw6E6uNOqCDyGoBA
UCK6uetkrJqrM9YsLxO-fHcQ;Carlinhos Brown Oficial;9230108;0;UUK6uetkrJqrM9YsLxO-fHcQ
UCr20IRb6bEs8Dw8HgL6iMRQ;Carlos Baute;839398738;805074;UUr20IRb6bEs8Dw8HgL6iMRQ
UCAdY4ZLv8qiWbC9aMiWjOAg;Carlos Nuñez;35989209;265132;UUAdY4ZLv8qiWbC9aMiWjOAg
UChcn-n6L8vYHzsqOwOubdRQ;CarlosVivesVEVO;3327947573;3267481;UUhcn-n6L8vYHzsqOwOubdRQ
UCahR3Ejd3QSqcq9a5gA_DyA;The Carpenters - Topic;3538696;15472;UUahR3Ejd3QSqcq9a5gA_DyA
UCpzTj29sgB9oSPIuFqy1ShQ;Cat Stevens - Topic;5573867;6808;UUpzTj29sgB9oSPIuFqy1ShQ
UCm30_4NwbPyPUVm3sgboyBQ;CeliaCruzVEVO;147772084;165349;UUm30_4NwbPyPUVm3sgboyBQ
UCh6C5LG14uZKmwCgGxf-nDQ;CelineDionVEVO;1784963693;2085554;UUh6C5LG14uZKmwCgGxf-nDQ
UCRw8CF33n_i11gzHr9GnbKQ;Celtas Cortos;9814245;13137;UURw8CF33n_i11gzHr9GnbKQ
UChz5QhpSNl_y-wn3Gi1NODg;Chambao - Topic;418699;2448;UUhz5QhpSNl_y-wn3Gi1NODg
UCBXuYofc_KsFOp-LxYz_exg;Charles Aznavour - Topic;3120418;17870;UUBXuYofc_KsFOp-LxYz_exg
UCwppdrjsBPAZg5_cUwQjfMQ;Charlie Puth;5521855465;14248752;UUwppdrjsBPAZg5_cUwQjfMQ
UC2JsVoD8LuW8roJN1cwla-w;Chavela Vargas - Topic;848060;4662;UU2JsVoD8LuW8roJN1cwla-w
UCltTIW3M5KliU-pu5nPaGUg;Chayanne;22360971;2685599;UUltTIW3M5KliU-pu5nPaGUg
UChcOo2accgbJbZmcPrWKvHA;Chema Vargas - Topic;1523;4;UUhcOo2accgbJbZmcPrWKvHA
UCPOXXkzXyHRcRY3Nz6vWw4g;Chenoa;4896210;111116;UUPOXXkzXyHRcRY3Nz6vWw4g
UCR72FMPr2lMA2mZNOWXUpwg;Cherlloydvevo;910739381;2772124;UUR72FMPr2lMA2mZNOWXUpwg
UCI5tGbwiVHy4BsZUXcSWvwQ;chicagomusicexchange;89368822;268480;UUI5tGbwiVHy4BsZUXcSWvwQ
UCm1dsgJNnhaLkY3uAdqN4mA;ChrisBrownVEVO;7814085953;12601686;UUm1dsgJNnhaLkY3uAdqN4mA
UCR1yd7JFrY7agCcYU1Ddzew;Chris Isaak - Topic;3510547;3231;UUR1yd7JFrY7agCcYU1Ddzew
UCBdTAGGLiAXUDhFp01SyFcg;ChrisMartin;1007733;0;UUBdTAGGLiAXUDhFp01SyFcg
UCVtNIP-dO0C3U6BYQ1Boufg;lilybee06;27875922;15095;UUVtNIP-dO0C3U6BYQ1Boufg
UCYZt5xsGCzM6Q6Uw39Zh9VA;burlesque;10624489;17535;UUYZt5xsGCzM6Q6Uw39Zh9VA
UCDDbIeeq_VWXET7LNwUBijw;Christina Rosenvinge;5665018;11323;UUDDbIeeq_VWXET7LNwUBijw
UCQQse6hLcxzNx1p-Giw6sOA;Christopher Cross - Topic;2246587;2900;UUQQse6hLcxzNx1p-Giw6sOA
UCUfKmP9mv1yUkxlE5DDX5Zg;Chuck Berry - Topic;4588273;16941;UUUfKmP9mv1yUkxlE5DDX5Zg
UCDPM_n1atn2ijUwHd0NNRQw;Coldplay;8691941426;13980288;UUDPM_n1atn2ijUwHd0NNRQw
UCPntWE1gXFydEyvArHo_kkA;Cómplices De Tu Cambio;11359002;40457;UUPntWE1gXFydEyvArHo_kkA
UCpthMrFRHk1gqlusCPRhBYQ;Coque Malla;30574791;41331;UUpthMrFRHk1gqlusCPRhBYQ
UCx_aTs6rOw-8YPDOGJOeeUw;CorinneBaileyRaeVEVO;60557875;79349;UUx_aTs6rOw-8YPDOGJOeeUw
UCdBPsfaHhwIvyc2FvloAS1w;cotimusica;2210691;2702;UUdBPsfaHhwIvyc2FvloAS1w
UC0M4Ze6hxg20b8zeBB6GdjQ;Rockin' 1000;72499247;316394;UU0M4Ze6hxg20b8zeBB6GdjQ
UCTpgyC3J01DBrhXMf6JGNjg;Coyote Dax - Topic;5450;75;UUTpgyC3J01DBrhXMf6JGNjg
UCHPdFezF_hIiofXqBTXkokg;Craig David;8591616;414385;UUHPdFezF_hIiofXqBTXkokg
UCBMvc6jvuTxH6TNo9ThpYjg;Ubisoft North America;550375356;1531060;UUBMvc6jvuTxH6TNo9ThpYjg
UCZodL_lPCDt6BT5Co7r3rdQ;CCRVEVO;227299027;195123;UUZodL_lPCDt6BT5Co7r3rdQ
UC1ZUH23qJMm54MCUZAKqzFg;Crowded House - Topic;1565368;3261;UU1ZUH23qJMm54MCUZAKqzFg
UCmNl7UMRgnCQXrgYV6gmM6g;CyndiLauperVEVO;1240159192;972732;UUmNl7UMRgnCQXrgYV6gmM6g
UC9TO_oo4c_LrOiKNaY6aysA;Daddy Yankee;6891058894;19647065;UU9TO_oo4c_LrOiKNaY6aysA
UCXCzbI1a1VbFgGbi6NXvCrw;danimartinVEVO;144661717;245851;UUXCzbI1a1VbFgGbi6NXvCrw
UC9p_L_X-dQVzGu8BkeGkGgQ;Danza Invisible - Topic;203312;271;UU9p_L_X-dQVzGu8BkeGkGgQ
UCk6L8xBmoF8ucj3hIb-hdqA;PioresGamersDoMundo;56293049;493533;UUk6L8xBmoF8ucj3hIb-hdqA
UC6YGTwA7MY9m2sb8daK7NGg;DavidBisbalVEVO;1083908616;1147417;UU6YGTwA7MY9m2sb8daK7NGg
UCh8hlIe7EcmVilHjnrE7gNw;DavidBowieVEVO;164635203;405901;UUh8hlIe7EcmVilHjnrE7gNw
UCK4rdL7CV2mdbJK_Ml9hxYA;BustamanteVEVO;43833065;69855;UUK4rdL7CV2mdbJK_Ml9hxYA
UC7mrcAN81SsmCqzGO3u4GSQ;David Civera - Topic;68031;604;UU7mrcAN81SsmCqzGO3u4GSQ
UCIn-xBCGKyyrj3ijYv8IcKA;David DeMaria Live;739;145;UUIn-xBCGKyyrj3ijYv8IcKA
UCP_k5WdrOOuWaThTU6MDonw;David Gilmour;46185426;292346;UUP_k5WdrOOuWaThTU6MDonw
UCe3yZzUwpmy2eKKmF9svX0Q;Jason Derulo;5544427490;11107977;UUe3yZzUwpmy2eKKmF9svX0Q
UCVab6imFjR1LQFINoetPTvw;DeaconBlueVEVO;10351789;6029;UUVab6imFjR1LQFINoetPTvw
UCc7nnk2FjqXLbnwFSKblmMQ;Decai;16672;687;UUc7nnk2FjqXLbnwFSKblmMQ
UChFONkdHg3zrt3zaHmx1bKA;deeppurpleos;131342165;378833;UUhFONkdHg3zrt3zaHmx1bKA
UCo7Me3U-EcasVGSG913_T3w;Def Con Dos;2429035;5865;UUo7Me3U-EcasVGSG913_T3w
UCQDsiRE--IQe5ycCLeetIxQ;Deftones;141409111;348158;UUQDsiRE--IQe5ycCLeetIxQ
UC-lHJZR3Gqxm24_Vd_AJ5Yw;PewDiePie;20649070824;88215095;UU-lHJZR3Gqxm24_Vd_AJ5Yw
UCDj64sior23IP_7xLe8R7sg;Warner Bros. Records;1747038483;3460580;UUDj64sior23IP_7xLe8R7sg
UCN4giAlbk11qSmSPzAUQxOw;Despistaos;28851974;34306;UUN4giAlbk11qSmSPzAUQxOw
UCjvlwa6AOFGJ6e3Mjr2cg3w;DestinysChildVEVO;898790822;757561;UUjvlwa6AOFGJ6e3Mjr2cg3w
UCtCM_6Hb76yWu2oKS59l-mw;tonybennettVEVO;104927413;165660;UUtCM_6Hb76yWu2oKS59l-mw
UCGW_0PegIDd-iyasmRUciSQ;Diana Navarro;7319859;19553;UUGW_0PegIDd-iyasmRUciSQ
UCVR2VvYRNXGjByS4VvkOYOQ;Diana Ross - Topic;3283119;7265;UUVR2VvYRNXGjByS4VvkOYOQ
UCLu_sGn-3gMMe96NFwhHUaQ;Dido_D;112540363;283877;UULu_sGn-3gMMe96NFwhHUaQ
UCNSnbYMrsV65y5biRj1KtJQ;diegotorresVEVO;293617854;211675;UUNSnbYMrsV65y5biRj1KtJQ
UCmSoldAe7ltOG-xyeHty9_Q;Diego Vasallo - Topic;23405;116;UUmSoldAe7ltOG-xyeHty9_Q
UCA37MBUzQgLbUHoUQgl-p0g;Dire Straits - Topic;12292936;30603;UUA37MBUzQgLbUHoUQgl-p0g
UCuGuRQHrvoNsD-AolV0X39g;Dolly Parton;6472761;196482;UUuGuRQHrvoNsD-AolV0X39g
UCMBIJyYWAkx9Bk31J2cIy9Q;Luciano Pavarotti - Topic;781689;19871;UUMBIJyYWAkx9Bk31J2cIy9Q
UCJyrrFMnqQUtfSRKTVBk71Q;EndlessDonna;41946905;45879;UUJyrrFMnqQUtfSRKTVBk71Q
UCmhPUWvs_C-zJCnTVXrn5fA;LisaNova;116625738;520590;UUmhPUWvs_C-zJCnTVXrn5fA
UCkpXWF4oExMLNcoCfL3nDRA;Dover Police;44294747;47246;UUkpXWF4oExMLNcoCfL3nDRA
UCSszI_zUkVVA24WVuTYpHTQ;Beats by Dre;253080139;655477;UUSszI_zUkVVA24WVuTYpHTQ
UCQznUf1SjfDqx65hX3zRDiA;DrakeVEVO;5366744839;9855291;UUQznUf1SjfDqx65hX3zRDiA
UC4FiCxIEpH7hFmjeZDmUTDQ;Duffy Games;33660895;90465;UU4FiCxIEpH7hFmjeZDmUTDQ
UC7UnKMCljJw-JuAthw9bk-w;Dulce Pontes OndeiaMusica;8055563;22401;UU7UnKMCljJw-JuAthw9bk-w
UCVMFUdRzr2GqaYCW8Tcwygw;Duncan Dhu - Topic;4204845;2033;UUVMFUdRzr2GqaYCW8Tcwygw
UCBYtwoCxECCSJeJ6FmoJlSA;NDTitanLady - Natalie Duran;16604261;109471;UUBYtwoCxECCSJeJ6FmoJlSA
UCjicDRtQRDZdgQzYAettQhg;EDP445;57239922;465918;UUjicDRtQRDZdgQzYAettQhg
UCTUPsBBQA4Am8k23BYETRJg;The Warner Sound;990169224;1285957;UUTUPsBBQA4Am8k23BYETRJg
UC6quhxJJPFd_pb_ofUg5RKg;Eddy Grant - Topic;164634;687;UU6quhxJJPFd_pb_ofUg5RKg
UCVg8JuO9t0ZAmzPcd7C6AIQ;Charles Ans;300571380;1042059;UUVg8JuO9t0ZAmzPcd7C6AIQ
UCVN5P4mr9LnD0OP5F_gX9mg;ElArrebatoOnVEVO;16403706;31488;UUVN5P4mr9LnD0OP5F_gX9mg
UCepbeRp4xIG0S8B6IjcwLHg;ElBarrioVEVO;133687188;189384;UUepbeRp4xIG0S8B6IjcwLHg
UCDb_skTTFMn9MAj-WKrXsHg;elcantodellocoVEVO;253486696;182629;UUDb_skTTFMn9MAj-WKrXsHg
UC7cn269s72-8NOZLSmxXFHQ;El Sueño de Morfeo;9588664;14261;UU7cn269s72-8NOZLSmxXFHQ
UClVgwytRxUzZucsApaoPpSw;Franc La lío;42715389;56342;UUlVgwytRxUzZucsApaoPpSw
UCYKQxwQ9kgvFxgIQ9dIDgmw;ebsmartayrocio;220685;453;UUYKQxwQ9kgvFxgIQ9dIDgmw
UCYKZTGPwv7ddoMC8Jgi2VYw;Ella Fitzgerald - Topic;2278495;13056;UUYKZTGPwv7ddoMC8Jgi2VYw
UCvu362oukLMN1miydXcLxGg;EllieGouldingVEVO;4665933495;8035442;UUvu362oukLMN1miydXcLxGg
UCCPQVlZtDbbQTYULsktDHog;Sola;110746909;279915;UUCPQVlZtDbbQTYULsktDHog
UCI8Ry7NdFNLel-S8dWU7mDA;EltonJohnVEVO;610707522;572048;UUI8Ry7NdFNLel-S8dWU7mDA
UCqjr96o1Ih70LzJi--5RuTg;ElvisCostelloVEVO;12651305;13040;UUqjr96o1Ih70LzJi--5RuTg
UCW6G95TBLCh5SdC-DHDSf5w;Elvis Presley;10422498;899176;UUW6G95TBLCh5SdC-DHDSf5w
UC20vb-R_px4CguHzzBPhoyQ;EminemVEVO;12727315854;26358974;UU20vb-R_px4CguHzzBPhoyQ
UCAfHHYl7qi94vmisSYrymQQ;Los Enanitos Verdes;14940224;34767;UUAfHHYl7qi94vmisSYrymQQ
UCl5i1KWUAV7hdT5_tL8l6RA;Viih Tube;582146041;7853886;UUl5i1KWUAV7hdT5_tL8l6RA
UChGCSvYMfOOnTvwWYBJWENA;Enrique Bunbury;379911995;1529802;UUhGCSvYMfOOnTvwWYBJWENA
UCVttQE6tS_agDSAU61Q65aA;EnriqueIglesiasVEVO;11892317311;13689975;UUVttQE6tS_agDSAU61Q65aA
UCrqNU3gnpK7SY_E38XpwXNQ;enjajaja;58875747;932338;UUrqNU3gnpK7SY_E38XpwXNQ
UCFXO-sgH_Ln_y5pEETyfzYw;ErasureVEVO;54349403;41200;UUFXO-sgH_Ln_y5pEETyfzYw
UCtCOFqqGGGunX71nfZgPQOQ;Eric Clapton;45778773;271854;UUtCOFqqGGGunX71nfZgPQOQ
UC-6TzsYLnG8R-K-r-rVaaeA;ErosRamazzotti;134717251;1117756;UU-6TzsYLnG8R-K-r-rVaaeA
UC6vz0VX5hb2Clzn-Y0im84g;Rebelde Way;224618615;138182;UU6vz0VX5hb2Clzn-Y0im84g
UC5eRTh1u9ZQiFc9Iq569O2Q;EstopaVEVO;334426408;302405;UU5eRTh1u9ZQiFc9Iq569O2Q
UCLWltmpkv0ZIacb_Cx-OFPw;EL EternaL;284782252;424280;UULWltmpkv0ZIacb_Cx-OFPw
UCoxg3Kml41wE3IPq-PC-LQw;Nuclear Blast Records;2048254292;2052024;UUoxg3Kml41wE3IPq-PC-LQw
UCDDmukrq0bwckrp09bNt-Rw;EvanescenceVEVO;1915194707;3347153;UUDDmukrq0bwckrp09bNt-Rw
UCB2tOm9jc1eQS3cAZ-0RG-g;CATÁLOGO WARNER EXTREMODURO;81219004;84312;UUB2tOm9jc1eQS3cAZ-0RG-g
UCrgWiquB-NYsL3O6D-Lm9_A;Faith Hill;105915125;171109;UUrgWiquB-NYsL3O6D-Lm9_A
UCvqvrS2l3R8QNP-3HqobqOw;FaithlessVEVO;118745235;96296;UUvqvrS2l3R8QNP-3HqobqOw
UC9feDX1oeYbY-gQOh5ajxbg;Oficial Fangoria;65188729;90748;UU9feDX1oeYbY-gQOh5ajxbg
UCo4FEyMG8_-D-aXK7FrNIcg;Fats Domino - Topic;730834;2942;UUo4FEyMG8_-D-aXK7FrNIcg
UCNcm9d5VOJ3WFRuDAYVPtGQ;Fine Young Cannibals - Topic;38076;1586;UUNcm9d5VOJ3WFRuDAYVPtGQ
UCnlr4LDiHnZCazpfuCT1czg;Fito Paez;43819828;188534;UUnlr4LDiHnZCazpfuCT1czg
UCAQZ4iOfUvCQmgtd_a69N9w;Fito&Fitipaldis;252980661;303135;UUAQZ4iOfUvCQmgtd_a69N9w
UCtfE_ZuCHaAqIDEsxJeuP8w;Alexandria Morgan;17804562;344707;UUtfE_ZuCHaAqIDEsxJeuP8w
UCi2KNss4Yx73NG0JARSFe0A;Foo Fighters;254737894;2264045;UUi2KNss4Yx73NG0JARSFe0A
UCanvzxKgO7Wm8qKacYuvdsA;Fran Perea - Topic;66462;995;UUanvzxKgO7Wm8qKacYuvdsA
UCBegBczbSAt6E1eyyKBx_Xw;FrancoBattiatoVEVO;53277179;69971;UUBegBczbSAt6E1eyyKBx_Xw
UCf9wumweDPswxIrex0TaZuw;FrankOceanVEVO;0;338313;UUf9wumweDPswxIrex0TaZuw
UC7McHNOsrUL2fRxTB_xvgRQ;Johnny Carson;149666743;282789;UU7McHNOsrUL2fRxTB_xvgRQ
UCj5ZiBBqpe0Tg4zfKGHEFuQ;Frank Zappa - Topic;6565213;11671;UUj5ZiBBqpe0Tg4zfKGHEFuQ
UCrvJwuMaOeKg1Rb062glUJQ;Franz Ferdinand;3431399;273294;UUrvJwuMaOeKg1Rb062glUJQ
UCiMhD4jzUqG-IgPzUmmytRQ;Queen Official;4524574722;8707899;UUiMhD4jzUqG-IgPzUmmytRQ
UC3sj1O535VXDiec8YLn2sDg;TheFugeesVEVO;275152214;304152;UU3sj1O535VXDiec8YLn2sDg
UCo6q4lclj2F08BLZjJTVPUA;Gabinete Caligari - Topic;167824;370;UUo6q4lclj2F08BLZjJTVPUA
UCjdQaSJCYS4o2eG93MvIwqg;Kilian Experience;84115160;639104;UUjdQaSJCYS4o2eG93MvIwqg
UCgva7gtxSHzyCk6i_tCQWhg;Genessis Models;7883850;53851;UUgva7gtxSHzyCk6i_tCQWhg
UCdPambxHRj0kdFPNoJFM98A;George Benson;151713787;1097246;UUdPambxHRj0kdFPNoJFM98A
UCHV-glEJiKKisielF1avD-w;nowhereman113;86768448;94452;UUHV-glEJiKKisielF1avD-w
UC7X_qC_rgc3s04Aw1t5DSHg;georgemichaelVEVO;1055201055;877510;UU7X_qC_rgc3s04Aw1t5DSHg
UCIGasZ-qHHDunXlqbhZMhZg;Geri Halliwell;23794384;28182;UUIGasZ-qHHDunXlqbhZMhZg
UCStXqgyucmicmfhpvnJK6cw;Gilberto Gil;26952322;78561;UUStXqgyucmicmfhpvnJK6cw
UCjkYAU5QaPCW_I4MSZqnC8g;Double Trouble en Corea;24857148;159441;UUjkYAU5QaPCW_I4MSZqnC8g
UCwFR0FsGIcxdLqMCebKQjCw;GloriaEstefanVEVO;236772061;273584;UUwFR0FsGIcxdLqMCebKQjCw
UCeXpFNAbyg5V3z8oKx5EGyw;Gloria Gaynor - Topic;2960620;5580;UUeXpFNAbyg5V3z8oKx5EGyw
UCYNOJx1S_E9U0MpyTK6vPrg;GloriaTreviVEVO;1303367363;1158795;UUYNOJx1S_E9U0MpyTK6vPrg
UCfIXdjDQH9Fau7y99_Orpjw;Gorillaz;1803821691;4949273;UUfIXdjDQH9Fau7y99_Orpjw
UCKu_DRE0Ajfe57nr7_vv7xg;Grace Jones - Topic;386084;3470;UUKu_DRE0Ajfe57nr7_vv7xg
UCqC_GY2ZiENFz2pwL0cSfAw;Green Day;1919791336;3500476;UUqC_GY2ZiENFz2pwL0cSfAw
UCKSG82kxJJ0vKcVIvxgNFXg;Guaraná Antarctica;91022042;115549;UUKSG82kxJJ0vKcVIvxgNFXg
UCJN4c_lZorb_0eyIP_tSS3A;GunsNRosesVEVO;4049205487;4876040;UUJN4c_lZorb_0eyIP_tSS3A
UCkEAAkbmhYVnJVSxvp-AfWg;GwenStefaniVEVO;819680227;1124113;UUkEAAkbmhYVnJVSxvp-AfWg
UCR85xzwE1PevoGId8HOnErw;Héroes Del Silencio - Topic;20989590;17350;UUR85xzwE1PevoGId8HOnErw
UCHUjsdlcxO40yDgXBOGL-eQ;Miguel Hevia;5012915;17052;UUHUjsdlcxO40yDgXBOGL-eQ
UC-vSh8UCm0tFaLYAIXqqKLA;Kingsley;582935;2907983;UU-vSh8UCm0tFaLYAIXqqKLA
UCIsM7Pkp18u1MIEUWhfe3HQ;Hombres G - Topic;10535769;12416;UUIsM7Pkp18u1MIEUWhfe3HQ
UC41YpxOvaXQg9JNWURL83SA;Huecco;17795745;23049;UU41YpxOvaXQg9JNWURL83SA
UCN2OwEXNYJFzgHvR7912Btg;Iggy Pop - Topic;2001374;9581;UUN2OwEXNYJFzgHvR7912Btg
UChVuPQl-tshU_jbO_w789yw;IlDivoVEVO;310589434;457827;UUhVuPQl-tshU_jbO_w789yw
UCpx_k19S2vUutWUUM9qmXEg;ImagineDragonsVEVO;6544251662;10553965;UUpx_k19S2vUutWUUM9qmXEg
UCjvwoDIrMmlSOINUPZWM3CA;IncubusVEVO;391620702;409550;UUjvwoDIrMmlSOINUPZWM3CA
UCAldEKRD6LXGd8FAXI6Oo3w;INXS;102023937;161677;UUAldEKRD6LXGd8FAXI6Oo3w
UCyiXsKGKbYWQTkg919MyrNQ;Irene Cara - Topic;721437;832;UUyiXsKGKbYWQTkg919MyrNQ
UCaisXKBdNOYqGr2qOXCLchQ;Iron Maiden;294545041;990815;UUaisXKBdNOYqGr2qOXCLchQ
UCb_-78qZD1l2cOiCDePT3Uw;IsmaelSerranoVEVO;43479385;55945;UUb_-78qZD1l2cOiCDePT3Uw
UCDrbjok3kk04f-SByjhpLYg;Israel Kamakawiwo'ole - Topic;1587140;14107;UUDrbjok3kk04f-SByjhpLYg
UC4bTaZjoXfnf6jzkXyicbJw;Jaguares INC;3581587;81271;UU4bTaZjoXfnf6jzkXyicbJw
UCtMymbnvhwW2Uwdl4FbDnGw;Jaime Urrutia;5925415;6783;UUtMymbnvhwW2Uwdl4FbDnGw
UCUg8KhMXhFxJm-YQzOQ7nPw;James Blunt;1049572145;1745423;UUUg8KhMXhFxJm-YQzOQ7nPw
UCLSKiNGc_qBWJJ-m5y3jDEw;James Brown - Topic;7791783;22275;UULSKiNGc_qBWJJ-m5y3jDEw
UCGdRd6qEUctBgYZVecUI21A;JamesMorrisonVEVO;303576487;337346;UUGdRd6qEUctBgYZVecUI21A
UCG-PGhwzTOjekSGfImeBSdA;James Taylor;4536039;56924;UUG-PGhwzTOjekSGfImeBSdA
UCDgUVl7BW7bk6FEuiw_q2rA;JamiroquaiVEVO;492559504;358073;UUDgUVl7BW7bk6FEuiw_q2rA
UCz8ZHx5wFQpXWywaL2uqevw;Janet Jackson;117815413;568521;UUz8ZHx5wFQpXWywaL2uqevw
UCpxqHC9g0px9jecJ7WbfWag;Janis Joplin - Topic;1663969;13196;UUpxqHC9g0px9jecJ7WbfWag
UCJBeysw8BbzVA7CernS2N_g;Jarabe de Palo (Oficial);310407946;524960;UUJBeysw8BbzVA7CernS2N_g
UCQkoktIl6Fn_Bd0UX3up8lg;Javier Krahe - Topic;102955;390;UUQkoktIl6Fn_Bd0UX3up8lg
UCkWQ0gDrqOCarmUKmppD7GQ;JayzTwoCents;317263840;1918123;UUkWQ0gDrqOCarmUKmppD7GQ
UCwrdGrPxjyaF2g25Is-fDmQ;JeanMichelJarreVEVO;23829973;40616;UUwrdGrPxjyaF2g25Is-fDmQ
UCx1f1u4XlFFr0YgqF3wB4lQ;JenniferLopezVEVO;6094817430;7310493;UUx1f1u4XlFFr0YgqF3wB4lQ
UCGB1Nfh-a27K7Yi-XWkRdlw;Jennifer Paige;213359;1475;UUGB1Nfh-a27K7Yi-XWkRdlw
UCmEg6OnrgJ4iRVP50ePjbTA;JenniferrushVEVO;32582914;47416;UUmEg6OnrgJ4iRVP50ePjbTA
UC3QNfxSmvwqaO_xJHe8IwSw;Jerry Lee Lewis - Topic;1525778;6371;UU3QNfxSmvwqaO_xJHe8IwSw
UC11_d-RaWXPd7AUTzjv2ukg;jessicasimpsonVEVO;122771778;111796;UU11_d-RaWXPd7AUTzjv2ukg
UC7sFWdsZTzfR507dbonTlyQ;Jethro Tull - Topic;5457930;8969;UU7sFWdsZTzfR507dbonTlyQ
UCOEo1NUw3Tv3NEtnbJyux8Q;Jules & Saud;87075127;752456;UUOEo1NUw3Tv3NEtnbJyux8Q
UCXQWf0KEholU1zS7LElUBrA;JimiHendrixVEVO;262141029;257479;UUXQWf0KEholU1zS7LElUBrA
UCaKZA66vM_TUpetUNohmR0A;Led Zeppelin;390763411;1132582;UUaKZA66vM_TUpetUNohmR0A
UCS1qmMQEO8KBurXzQCjlbrA;Joan Baez - Topic;1245039;7639;UUS1qmMQEO8KBurXzQCjlbrA
UCou8wnepOZWdGfSmQtTwrpA;Joaquín Sabina - Topic;6255119;54671;UUou8wnepOZWdGfSmQtTwrpA
UCs0iLMxzbi7p1Ij6ziggUIQ;JJ Cale - Topic;679774;3526;UUs0iLMxzbi7p1Ij6ziggUIQ
UCHIt01zPTy4QKG9fVCMh3eA;John Fogerty;17147864;74687;UUHIt01zPTy4QKG9fVCMh3eA
UCcWk0Z6iOwjUeycdoh7mIMQ;John Lee Hooker - Topic;1079165;4469;UUcWk0Z6iOwjUeycdoh7mIMQ
UCYU4eunPInnHTNWfGvOgkbg;johnlennon;309909822;659466;UUYU4eunPInnHTNWfGvOgkbg
UC9KhB07HSEtWISy_LFWwHzw;johnmayerVEVO;560441308;917777;UU9KhB07HSEtWISy_LFWwHzw
UC7KqPOHnMTzdBjkbTQp5ebg;JohnNewmanVEVO;895951670;1516216;UU7KqPOHnMTzdBjkbTQp5ebg
UCiGs21G3KeE2tpbbMPzn9Qg;Johnny Cash - Topic;21648175;30403;UUiGs21G3KeE2tpbbMPzn9Qg
UC9wvnHwKWvE_unCTf1eLKHw;Johnny Hallyday Officiel;74828541;430239;UU9wvnHwKWvE_unCTf1eLKHw
UCTmWs4DxWm1K99960UqRJ6w;Jon Secada - Topic;1413475;3928;UUTmWs4DxWm1K99960UqRJ6w
UCFvXnyAhluG3sa6p3eOs_LA;Jonas Brothers;424075969;2529630;UUFvXnyAhluG3sa6p3eOs_LA
UCKQqfid4_xer7mNlGTJqncQ;Jorge Drexler;92061561;193828;UUKQqfid4_xer7mNlGTJqncQ
UCvfvzksb9tPHjZ7BkRWKaaA;José Feliciano - Topic;3388312;3363;UUvfvzksb9tPHjZ7BkRWKaaA
UCEGK9iOUMMr-10s4bXqcHDA;JuanLuisGuerraVEVO;456166389;546061;UUEGK9iOUMMr-10s4bXqcHDA
UCbGmbLGPhxIlp1JF4tybiAg;JuanesVEVO;1171797394;1187064;UUbGmbLGPhxIlp1JF4tybiAg
UCy6-RHgm74I8CCCvMu4NPJQ;Judas Priest - Topic;14705979;23006;UUy6-RHgm74I8CCCvMu4NPJQ
UC6KLIUd2VaVN8Aik3PxO13A;julietavenegasVEVO;486208002;546677;UU6KLIUd2VaVN8Aik3PxO13A
UC5jcyfv-J8R1RGlapR_x1Cg;Julio Iglesias - Topic;8926001;30131;UU5jcyfv-J8R1RGlapR_x1Cg
UCIwFjwMjI0y7PDBVEO9-bkQ;Justin Bieber;603213640;43653773;UUIwFjwMjI0y7PDBVEO9-bkQ
UCsXfDf1CDgU3SCt0gxJNXGg;justintimberlakeVEVO;3840582231;6681801;UUsXfDf1CDgU3SCt0gxJNXGg
UCEGENb0qic-2tdRWP5FRjXg;KaiserChiefsVEVO;94052401;121083;UUEGENb0qic-2tdRWP5FRjXg
UCuS96jkLKpTaGB_OWnwZV_A;SWAY'S UNIVERSE;601720050;1791206;UUuS96jkLKpTaGB_OWnwZV_A
UCBfwSo9wRWa5fxlnDye6H7Q;KasabianVEVO;199974832;244848;UUBfwSo9wRWa5fxlnDye6H7Q
UC9CoMRH3tdakfnEg1bV3RwQ;Kate Ryan;58562411;45934;UU9CoMRH3tdakfnEg1bV3RwQ
UCYvmuw-JtVrTZQ-7Y4kd63Q;Katy Perry;357815469;32485587;UUYvmuw-JtVrTZQ-7Y4kd63Q
UCh1bAdm-p_kpf_-a2vpCyHw;kesha;184216242;3425086;UUh1bAdm-p_kpf_-a2vpCyHw
UCu1raXDJ4jkIiyy_NOUF2QQ;KeaneVEVO;533827715;499757;UUu1raXDJ4jkIiyy_NOUF2QQ
UCBXNxsWnpJ8A85UPXnHiVXg;Keith Richards;7246087;39946;UUBXNxsWnpJ8A85UPXnHiVXg
UC6QdZ-5j9t_836_xJPAaRSw;kellyclarksonVEVO;1485362441;2087311;UU6QdZ-5j9t_836_xJPAaRSw
UC-N0DKxKMaMduqQF_GoIWBA;KellyPriceVEVO;95534613;188816;UU-N0DKxKMaMduqQF_GoIWBA
UCLP1LFCaIifzrpyUX2o0xiA;KennyGVEVO;146128936;283988;UULP1LFCaIifzrpyUX2o0xiA
UCbNthr0IgjARcKaDbJAld8A;Kenny Rogers - Topic;5285107;18138;UUbNthr0IgjARcKaDbJAld8A
UCTgFhu1LVH-w33hqdac3gXg;Ryfya Ketama;0;452;UUTgFhu1LVH-w33hqdac3gXg
UCbEXKhkfFganyl45_0Y8rDw;Kiko Veneno Catálogo;1520815;2003;UUbEXKhkfFganyl45_0Y8rDw
UC09rjW-THj6e3WgMKSc5Bvg;kingsofleonVEVO;925298976;1010921;UU09rjW-THj6e3WgMKSc5Bvg
UCY_ZXmsISy8JUBHPorQ9j6g;KissVEVO;273386983;382101;UUY_ZXmsISy8JUBHPorQ9j6g
UC103x0ju3DrxY4vRvKvXtLw;Kurt Cobain;18828;1280;UU103x0ju3DrxY4vRvKvXtLw
UCyd8nl1opqfEVwJer32vURA;Kylie Minogue;373264230;397634;UUyd8nl1opqfEVwJer32vURA
UCXJkvZcs8Ns2uzG1fA_YU9Q;La Cabra Mecánica - Topic;142064;283;UUXJkvZcs8Ns2uzG1fA_YU9Q
UCZSFp05FpTmXx-OTS5U6P4w;La Fuga - Topic;556172;1932;UUZSFp05FpTmXx-OTS5U6P4w
UCZMo3HVu00Ky9HLDUW8jx7g;LODVGVEVO;1335539593;840155;UUZMo3HVu00Ky9HLDUW8jx7g
UCwKT33wC_zA2xET1ywpeMww;laquintaestacion;23436523;455583;UUwKT33wC_zA2xET1ywpeMww
UCoeJxDc717MNVJtUsQW20Qg;Senado de México.;9160828;49025;UUoeJxDc717MNVJtUsQW20Qg
UC07Kxew-cMIaykMOkzqHtBQ;LadyGagaVEVO;6644041131;9368944;UU07Kxew-cMIaykMOkzqHtBQ
UC3N5y6UWKJaKqoU2b_0MfTQ;LanaDelReyVEVO;2584191838;5992745;UU3N5y6UWKJaKqoU2b_0MfTQ
UCzsdhsuhnG1YxjkSXayBFtQ;Las Ketchup - Topic;695770;3475;UUzsdhsuhnG1YxjkSXayBFtQ
UChUr6-Fbc5f5FH9f0YNWLfQ;Laura Branigan - Topic;2717970;5709;UUhUr6-Fbc5f5FH9f0YNWLfQ
UCntqFi4oxous_4tFoNWTfVQ;Laura Pausini - Topic;15577894;41990;UUntqFi4oxous_4tFoNWTfVQ
UCrB-Ha_ikrwZhe8wTZb78Qg;Angela Leiva Official;22965242;243012;UUrB-Ha_ikrwZhe8wTZb78Qg
UCdIs5dRqgZ1IWOdLZimHL_w;Lenny Kravitz;83272513;578366;UUdIs5dRqgZ1IWOdLZimHL_w
UCiVxAX5STcvXQN3bYUvJi9w;leonalewis;17838566;950088;UUiVxAX5STcvXQN3bYUvJi9w
UCXWB-kykEYmLveG3Sw0LPOA;LeonardCohenVEVO;354914626;369198;UUXWB-kykEYmLveG3Sw0LPOA
UCfLsLJl2XHuErTVfDCLJjPw;leonorwatling;886344;591;UUfLsLJl2XHuErTVfDCLJjPw
UCpEVmbBvqYYkuDfuKViPYsQ;Level 42 - Topic;705406;2423;UUpEVmbBvqYYkuDfuKViPYsQ
UCos3UOx4yI8p5rS0wXT7JSQ;Liam Gallagher;41993058;179939;UUos3UOx4yI8p5rS0wXT7JSQ
UCEOhcOACopL42xyOBIv1ekg;LilWayneVEVO;2536656784;4976078;UUEOhcOACopL42xyOBIv1ekg
UCQCJ4E2Nc9XaCL7O_VFVEjA;Lily Allen;508924882;782213;UUQCJ4E2Nc9XaCL7O_VFVEjA
UCqQ3e-0AC6Pil6MatBGHfsQ;Limahl;0;994;UUqQ3e-0AC6Pil6MatBGHfsQ
UCm6r_b2K5jn1JGkwDcwJXrQ;Ten Second Songs;181596310;2898708;UUm6r_b2K5jn1JGkwDcwJXrQ
UCqBNd0XhYrv8OFlyr4fufdA;Lionel Richie - Topic;5885011;15165;UUqBNd0XhYrv8OFlyr4fufdA
UCcgOHn4KoI34dXo4Vk2bSHg;gferdinandus2;33954214;19120;UUcgOHn4KoI34dXo4Vk2bSHg
UCOTz_EWnWTVucjm5X9FK4cw;Liza Minelli;592;21;UUOTz_EWnWTVucjm5X9FK4cw
UC83_FKOeoWtwPgKcRSyIyiQ;Pepe Loquillo;1143823;2944;UU83_FKOeoWtwPgKcRSyIyiQ
UCj9NboK2k7lboj_AmlPru9Q;LFCVEVO;143159075;110002;UUj9NboK2k7lboj_AmlPru9Q
UCICK5fMn7PFXc5wj2z2-PSA;LosLobos SFM;6567;60;UUICK5fMn7PFXc5wj2z2-PSA
UCXXKa4HrmehOH3sI39nl96A;Los Planetas;3028755;6192;UUXXKa4HrmehOH3sI39nl96A
UCwohKbRK2QnojtLh3p7xwaA;Ami Rodriguez;1063166376;8847969;UUwohKbRK2QnojtLh3p7xwaA
UCO1XgXZ3Uc2rwUsuPrWUbKA;Los Ronaldos - Topic;166671;316;UUO1XgXZ3Uc2rwUsuPrWUbKA
UCBcgB0OuhWIK6DMxlcVyUGQ;Secretos de Celia;24891262;61160;UUBcgB0OuhWIK6DMxlcVyUGQ
UCRGAJ3sCIK3uNqBhqLOcw4A;Los Suaves - Topic;420245;1469;UURGAJ3sCIK3uNqBhqLOcw4A
UC3aSi3uADi2ivC-E4N8_K6w;LouBegaVEVO;212293681;133803;UU3aSi3uADi2ivC-E4N8_K6w
UCRG5sTutjbCCru6kPN1j-Bw;Lou Reed - Topic;2755499;10003;UURG5sTutjbCCru6kPN1j-Bw
UCCDaSui4C9VFMpeRlKEOHDA;Louis Armstrong - Topic;4438280;24198;UUCDaSui4C9VFMpeRlKEOHDA
UCc_e1F_AdgXGY8Hi4PVaXdg;luarnalubregaliza;6080621;9355;UUc_e1F_AdgXGY8Hi4PVaXdg
UCOazmaCUnrXt-jZMniQygtw;LucieSilvasVEVO;9140753;14588;UUOazmaCUnrXt-jZMniQygtw
UCLhRfwjPV82b24R4wA16iRw;Lucrecia Protellor;1806481;553;UULhRfwjPV82b24R4wA16iRw
UCLp8RBhQHu9wSsq62j_Md6A;LuisFonsiVEVO;10427124922;18400996;UULp8RBhQHu9wSsq62j_Md6A
UC36w0dhy-17arWxTEn3rWMg;Luis Miguel - Topic;106256084;62350;UU36w0dhy-17arWxTEn3rWMg
UCw4hWUjXJlSoQnJizXcAYjQ;Luz da Serra;78022845;914624;UUw4hWUjXJlSoQnJizXcAYjQ
UCrpgpyyZMGKxAOiILE-886w;M-Clan;36833483;35373;UUrpgpyyZMGKxAOiILE-886w
UC3SEvBYhullC-aaEmbEQflg;Mac Miller;1413778877;2275607;UU3SEvBYhullC-aaEmbEQflg
UCV94szan7U2Ug8qJAdHjC5w;OfficialMadcon;22749975;120049;UUV94szan7U2Ug8qJAdHjC5w
UC5nVgiv6elz5GnS6MTr1tVA;Moto Madness;630307842;3029452;UU5nVgiv6elz5GnS6MTr1tVA
UC81VD6eeuLLSfyY_D-N8sVw;Madonna;1897950386;2573354;UU81VD6eeuLLSfyY_D-N8sVw
UC6nMOIbArzvza6npl0irIWw;Mägo de Oz;241372647;890554;UU6nMOIbArzvza6npl0irIWw
UCzsBSmZHUQBBQoIp71bpY2w;MalditaNereaVEVO;121279907;206677;UUzsBSmZHUQBBQoIp71bpY2w
UCziolmvFYFINWWde2a7Z_1Q;MaluVEVO;402195678;520771;UUziolmvFYFINWWde2a7Z_1Q
UCFkoPRmuxqr37jvGmmpzhzQ;MalumaVEVO;10853267840;14945633;UUFkoPRmuxqr37jvGmmpzhzQ
UC3cSX-0y3IZzr2F2J1dFlUg;OficialMana;2670086833;2978097;UU3cSX-0y3IZzr2F2J1dFlUg
UCgkt10hEZXC6nGwkqeEWK5Q;ManicStPreachersVEVO;56922295;45464;UUgkt10hEZXC6nGwkqeEWK5Q
UCxMoxJfk9w32ak8yq4rpTVQ;manologarciaVEVO;47732287;48520;UUxMoxJfk9w32ak8yq4rpTVQ
UCMGUmEmnRytBerd_2CmAUhw;Manolo Tena;1224441;571;UUMGUmEmnRytBerd_2CmAUhw
UCFcDpTbLxlmlkRdQc7w_mmw;Magic Circle Music;34127916;0;UUFcDpTbLxlmlkRdQc7w_mmw
UCzGpxRavGnm6yym4Pt7B2sg;Manu Chao;155567543;267386;UUzGpxRavGnm6yym4Pt7B2sg
UCzSF6M4wzIBwhNIju3Skcbg;Manu Tenorio;1472898;3911;UUzSF6M4wzIBwhNIju3Skcbg
UCQ4Fgq1lDMwGJC0ZyzxaFYQ;ManuelCarrascoVEVO;301392424;391420;UUQ4Fgq1lDMwGJC0ZyzxaFYQ
UCQhOf1GhzkMsyLAFwrnG8XQ;marcanthonyVEVO;2837238586;2627620;UUQhOf1GhzkMsyLAFwrnG8XQ
UCq5ARmm_GNB81DrJY01P30g;marea;8033971;28063;UUq5ARmm_GNB81DrJY01P30g
UClS0wn3LPs9jdX_yt2g1k8w;MariahCareyVEVO;3568819907;3261391;UUlS0wn3LPs9jdX_yt2g1k8w
UCRDy1zVuogK8Fl4svi9ZTyw;MarilynMansonVEVO;887182293;1559522;UURDy1zVuogK8Fl4svi9ZTyw
UCdI8evszfZvyAl2UVCypkTA;MileyCyrusVEVO;3490794757;10720095;UUdI8evszfZvyAl2UVCypkTA
UC-Uyl54C72IL9hkactOGXgA;MarlangoVEVO;3548073;6860;UU-Uyl54C72IL9hkactOGXgA
UCN1hnUccO4FD5WfM7ithXaw;Maroon5VEVO;12288222290;15538662;UUN1hnUccO4FD5WfM7ithXaw
UCaDilTTIAbUY10Puh0Wn6gQ;Marta Sánchez - Topic;535052;1270;UUaDilTTIAbUY10Puh0Wn6gQ
UC5H_KXkPbEsGs0tFt8R35mA;Martin Garrix;3481771350;12128176;UU5H_KXkPbEsGs0tFt8R35mA
UCpMMYJB5GJAYSJr3QpxnHEg;Marvin Gaye - Topic;27346443;63383;UUpMMYJB5GJAYSJr3QpxnHEg
UCNgjBASMIxygr65gJs9IyUA;MassiveAttackVEVO;269882191;157050;UUNgjBASMIxygr65gJs9IyUA
UCdhAa9V8s8PpF5u4BkQJvTg;Le Mecano Du Dimanche;15534597;29819;UUdhAa9V8s8PpF5u4BkQJvTg
UCpepIrjKnhoM4TJhJmWtJ-g;Senador Música;320219455;345609;UUpepIrjKnhoM4TJhJmWtJ-g
UCwiDBsS5gMP3lo9-MGf3YTA;MelanieBVEVO;6758159;22110;UUwiDBsS5gMP3lo9-MGf3YTA
UCtOpQehIvRDXDdtSNB8rpKg;Melendi;924571853;1490187;UUtOpQehIvRDXDdtSNB8rpKg
UC6NADPvt98ge6Mbl7oMOw3A;melocos;1839892;1925;UU6NADPvt98ge6Mbl7oMOw3A
UCl9-ahZCNAvTu1G1uqhnD1w;Melon Diesel - Topic;35734;104;UUl9-ahZCNAvTu1G1uqhnD1w
UC3WP6s9MqWj60i0eRjrvMgw;MenAtWorkVEVO;263754861;189548;UU3WP6s9MqWj60i0eRjrvMgw
UCetq_ZOSLiWxiwNXMniNR9g;mercedessosaoficial;47633048;73482;UUetq_ZOSLiWxiwNXMniNR9g
UCmqPjdCznFq7L7q4FiWUJTg;La cocina de Merche Borjas;4460078;58366;UUmqPjdCznFq7L7q4FiWUJTg
UCbulh9WdLtEXiooRcYK7SWw;MetallicaTV;2170376235;4414834;UUbulh9WdLtEXiooRcYK7SWw
UCCHcEUksSVKsRDH86j77Ntg;thelonelyisland;2143149028;6863437;UUCHcEUksSVKsRDH86j77Ntg
UCHqQruhGENdmWy_oeH1f8QA;Michael Bublé;980307013;1922140;UUHqQruhGENdmWy_oeH1f8QA
UC5OrDvL9DscpcAstz7JnQGA;Michael Jackson;587056;12640311;UU5OrDvL9DscpcAstz7JnQGA
UCs0vNuS1IQ0hCMgrD8ACjAg;Michel Teló;1584154363;1957252;UUs0vNuS1IQ0hCMgrD8ACjAg
UCB_Z6rBg3WW3NL4-QimhC2A;The Rolling Stones;539551453;1547961;UUB_Z6rBg3WW3NL4-QimhC2A
UCpt6OaDIQ8YEXXF0Hl2v6VA;Miguel Bosé;522751611;578088;UUpt6OaDIQ8YEXXF0Hl2v6VA
UCVEkiQC4_uBtVwxX1wt3tLg;Miguel Ríos - Topic;741057;1577;UUVEkiQC4_uBtVwxX1wt3tLg
UCTClUTLk0sfGU-NlaUwOdCA;Wild Daze;9900880;195370;UUTClUTLk0sfGU-NlaUwOdCA
UCPGQ0FBCid4pZVoFaxxlDPg;MikeOldfieldVEVO;85090666;77120;UUPGQ0FBCid4pZVoFaxxlDPg
UC9VrB1-mTjJ7b0YOOWa25Rg;Mikel Erentxun;3944060;8130;UU9VrB1-mTjJ7b0YOOWa25Rg
UC9NlE_veniVpnvpIegfifMQ;MilesDavisVEVO;28353969;55911;UU9NlE_veniVpnvpIegfifMQ
UCNYt2lEEvzm_XQRbtLW1aKA;Miliki - Topic;671761;1443;UUNYt2lEEvzm_XQRbtLW1aKA
UCkHAioZPYRiLmu08c7IgEjg;Miranda Warning - Topic;3169;27;UUkHAioZPYRiLmu08c7IgEjg
UCzkmnJm7w_Z-Vh3SqwwSv6Q;Miss Caffeina;20136655;41087;UUzkmnJm7w_Z-Vh3SqwwSv6Q
UCBza-oDKEaRps26VQOHJ35g;Alyson Stoner;45016845;592274;UUBza-oDKEaRps26VQOHJ35g
UCOnYF00xT3pW9y8DGhxiZwg;Mocedades - Topic;1401297;1473;UUOnYF00xT3pW9y8DGhxiZwg
UCtqHCdL5nEjZp5FHAokQ-wQ;ModernTalkingVEVO;1196505663;705709;UUtqHCdL5nEjZp5FHAokQ-wQ
UCjyg84iFDDElkeU61WqN6vg;Mojinos Escozios;3677519;11975;UUjyg84iFDDElkeU61WqN6vg
UCxaSnirgeoAWvKte6BRpSBw;MolotovVEVO;271932442;430196;UUxaSnirgeoAWvKte6BRpSBw
UCnUZN_e1xnpI0SG-SRnQxYg;Mónica Naranjo Fans;75006;5907;UUnUZN_e1xnpI0SG-SRnQxYg
UC_Lm9hIkUlRr4pURZg5nE3g;Morrissey - Topic;2260971;5429;UU_Lm9hIkUlRr4pURZg5nE3g
UCoNK9McA-U4GEJ6kS4FNaPg;Motel 6;1312170;1263;UUoNK9McA-U4GEJ6kS4FNaPg
UChPzV-uAKhVMguKI7RB8uGQ;MumfordAndSonsVEVO;500091686;774207;UUhPzV-uAKhVMguKI7RB8uGQ
UCGGhM6XCSJFQ6DTRffnKRIw;Muse;1573876392;2621148;UUGGhM6XCSJFQ6DTRffnKRIw
UCSdEqkge-VSZx-Mn7BPbR6A;NachVEVO;210361188;702484;UUSdEqkge-VSZx-Mn7BPbR6A
UCIGB29hMjBvztsqhrUO7VqA;Nacha Pop - Topic;847613;1552;UUIGB29hMjBvztsqhrUO7VqA
UCiwVuDIXhd71UkYqPnDscfg;Nacho Cano - Topic;119166;347;UUiwVuDIXhd71UkYqPnDscfg
UCCqItA8ejiqRE9zS5RuVMWQ;Elisa Cuadra;916081;4277;UUCqItA8ejiqRE9zS5RuVMWQ
UCo8h2TY_uBkAVUIc14m_KCA;Najwa Shihab;260441753;1739840;UUo8h2TY_uBkAVUIc14m_KCA
UCirPLQsYtHWBmalEbX1LcAA;Nat King Cole - Topic;6054393;12950;UUirPLQsYtHWBmalEbX1LcAA
UCvI5QEvQXYOtJN04RpGSIYA;JugandoConNatalia;386051955;2310502;UUvI5QEvQXYOtJN04RpGSIYA
UCxRULEz6kS0PMxCzOY25GhQ;NLaFourcadeVEVO;1026147561;1259810;UUxRULEz6kS0PMxCzOY25GhQ
UCEN5yhqsg94qr6TnqmS6dfg;Natalia Oreiro;810337947;707255;UUEN5yhqsg94qr6TnqmS6dfg
UCPK9noEhqWa04l2ZP59Nbtg;natalieimbrugliaVEVO;200282047;177616;UUPK9noEhqWa04l2ZP59Nbtg
UCCR7DJUk70fWSs05WIujdiw;Neil Diamond - Topic;5100715;6673;UUCR7DJUk70fWSs05WIujdiw
UCZvysOTYDHMewYyIX_at8mw;Farm Aid;160808711;147579;UUZvysOTYDHMewYyIX_at8mw
UCt7Prw97_jb8oAlKnO3oVcQ;Nek Music Tv;2250353238;2507600;UUt7Prw97_jb8oAlKnO3oVcQ
UCrSczPA0uxFM-PgWOeDX-ew;NellyFurtadoVEVO;1098793547;851927;UUrSczPA0uxFM-PgWOeDX-ew
UC0KWq8LzJvPwIKjBMiUEM0A;NenaDaconteVEVO;15665815;22346;UU0KWq8LzJvPwIKjBMiUEM0A
UC6GDrDmvJEZrnipc06ftNvA;NewKidsVEVO;263301008;263863;UU6GDrDmvJEZrnipc06ftNvA
UCeROFwqsf3ADf02l5JzVKJg;neworder;12515800;64877;UUeROFwqsf3ADf02l5JzVKJg
UCOTPo2y-NHJjg1EuENrxypA;First Things First: Cris Carter and Nick Wright;171104549;324248;UUOTPo2y-NHJjg1EuENrxypA
UC1I4N5plmuQFLR6GHZVfFpw;Yep Roc Records;14365648;10117;UU1I4N5plmuQFLR6GHZVfFpw
UCaum3Yzdl3TbBt8YUeUGZLQ;NickiMinajAtVEVO;6290840632;13382806;UUaum3Yzdl3TbBt8YUeUGZLQ
UCru9ErWdSgEG8VO8xtBHFuQ;Apocalyptica;69457774;536634;UUru9ErWdSgEG8VO8xtBHFuQ
UCPa8lpX87vy_Ot8_FiBBEXw;NinaPastoriVEVO;100043086;70057;UUPa8lpX87vy_Ot8_FiBBEXw
UCJ-FRbWianyv9q-Ly9whFQQ;Nina Simone;21688091;115519;UUJ-FRbWianyv9q-Ly9whFQQ
UCZV1XB6MhLjsPbd9QrWmgPA;Nino Bravo - Topic;435783;3026;UUZV1XB6MhLjsPbd9QrWmgPA
UCzGrGrvf9g8CVVzh_LvGf-g;NirvanaVEVO;2358331232;3084719;UUzGrGrvf9g8CVVzh_LvGf-g
UCX1fmvrecx_W3u0Ikks353w;NoDoubtVEVO;995342524;671466;UUX1fmvrecx_W3u0Ikks353w
UCwWhs_6x42TyRM4Wstoq8HA;The Daily Show with Trevor Noah;1541190922;4496295;UUwWhs_6x42TyRM4Wstoq8HA
UCF0-u1H81m6a-tj5Jz8bT3w;NoelGallagherVEVO;67244770;138966;UUF0-u1H81m6a-tj5Jz8bT3w
UCBJtGODWGrM3fdQ0G5E9uAQ;Norah Jones;10204229;249185;UUBJtGODWGrM3fdQ0G5E9uAQ
UCzgUZIXhs0ny0PPm9Xx0yGA;Nuria Fergó - Topic;53317;362;UUzgUZIXhs0ny0PPm9Xx0yGA
UCzeVpsLYW4J4yvGO_7FiEQw;Oasis Be Fruit;19167696;140274;UUzeVpsLYW4J4yvGO_7FiEQw
UCUtqMHaT2nHXPlpCIK3oltg;obk;5314135;22575;UUUtqMHaT2nHXPlpCIK3oltg
UCrGhWcQFUqVfUt1tkufxn5g;OliviaNewtonJohnVEVO;47095661;37565;UUrGhWcQFUqVfUt1tkufxn5g
UCbW18JZRgko_mOGm5er8Yzg;OneDirectionVEVO;8613308705;23188639;UUbW18JZRgko_mOGm5er8Yzg
UCQ5kHOKpF3-1_UCKaqXARRg;OneRepublicVEVO;4284315982;5926127;UUQ5kHOKpF3-1_UCKaqXARRg
UCPpvDYgyxJry9SAYL-Mh0Kg;OrishasVEVO;32806222;63875;UUPpvDYgyxJry9SAYL-Mh0Kg
UCqgDLm2XV81s2IdoF4Skgbg;Otis Redding - Topic;7286838;8631;UUqgDLm2XV81s2IdoF4Skgbg
UCe3JCin4Gnv9azlWnAs5keg;Ozzy Osbourne;204783969;628107;UUe3JCin4Gnv9azlWnAs5keg
UCf3L_9odIRo9G2L_-hsb7lg;Pablo Alborán;2642077090;3735308;UUf3L_9odIRo9G2L_-hsb7lg
UCo6GmPKa-A4nexhsyOPUPPQ;El Cantobar de Pablo Daniel;1263401;3779;UUo6GmPKa-A4nexhsyOPUPPQ
UCGZ_DExdB_EqjgcT3EmccNw;Paco de Lucía - Topic;353537;7113;UUGZ_DExdB_EqjgcT3EmccNw
UCpvNmgXNP6qPlTnw-3_R3kA;ParachuteVEVO;48225939;143501;UUpvNmgXNP6qPlTnw-3_R3kA
UClVrJwcIy7saPcGc1nct80A;Fueled By Ramen;10779479973;11836988;UUlVrJwcIy7saPcGc1nct80A
UC9DqNZjTQ5BDgaFoFAf-9Ew;PASION VEGA;15024949;22359;UU9DqNZjTQ5BDgaFoFAf-9Ew
UCItis-jPuCIg2VYWD19zCjA;Pastora Soler;43125126;71731;UUItis-jPuCIg2VYWD19zCjA
UC-ZScNQCMZg1wx__SKgS-IA;Vinos Pata Negra;41383;62;UU-ZScNQCMZg1wx__SKgS-IA
UCzhlM_c-1kNFudUMtq9rP1Q;apuestaporunamor;54844815;22300;UUzhlM_c-1kNFudUMtq9rP1Q
UCNNCVUDXhynSJFxcNUS3KJQ;pattismithVEVO;12934397;20259;UUNNCVUDXhynSJFxcNUS3KJQ
UCEuZeapObLSPFWmPIK6kxag;Paul Anka - Topic;3784296;5239;UUEuZeapObLSPFWmPIK6kxag
UCvGnJy9RnXX0kGSnDPKCZzQ;PAUL McCARTNEY;73864169;526547;UUvGnJy9RnXX0kGSnDPKCZzQ
UC0YjP1dWiz1Q0sLhdks3irA;paulwellertv;26599116;36944;UU0YjP1dWiz1Q0sLhdks3irA
UC5mz0j1ylOlgLeC7b9qecaA;PaulinaRubioVEVO;390214799;394290;UU5mz0j1ylOlgLeC7b9qecaA
UClQT6Vnsm6BUm0I5kR26EkQ;Pearl Jam;83605209;947230;UUlQT6Vnsm6BUm0I5kR26EkQ
UC3KiE4ycenlaxn1LU4JTQCQ;Pedro Guerra Vlog;4445389;18724;UU3KiE4ycenlaxn1LU4JTQCQ
UCNeaATnPEwFiRAdFgBBwoUw;Pereza;288540;4259;UUNeaATnPEwFiRAdFgBBwoUw
UCsN5eeyO42mWtNyuCbNYuFw;PetShopBoys;13496070;38121;UUsN5eeyO42mWtNyuCbNYuFw
UCmcjOnFmIlg-LqTocHbQkFw;Peter Gabriel;149995771;232677;UUmcjOnFmIlg-LqTocHbQkFw
UCE560wL2ftkMrQL40LYFUVg;iamOTHER;1353005551;1823656;UUE560wL2ftkMrQL40LYFUVg
UC4JeRiQvPQ_nb1BZWjk9QoA;Phil Collins;741232115;879552;UU4JeRiQvPQ_nb1BZWjk9QoA
UCH2uCzGc06oliguRavam5AA;PhilSpectorVEVO;21346129;11644;UUH2uCzGc06oliguRavam5AA
UCm7OwkiupkLrjuhHM3JSxLA;pignoise;8482294;8587;UUm7OwkiupkLrjuhHM3JSxLA
UCkitABalXafr-NqceQdDXtg;TVFilthyFrank;872877195;6272287;UUkitABalXafr-NqceQdDXtg
UCY2qt3dw2TQJxvBrDiYGHdQ;Pink Floyd;220214221;1329860;UUY2qt3dw2TQJxvBrDiYGHdQ
UCv8nzwVPQDRjkPCkEsOdEwA;Pitbull;211975585;11664939;UUv8nzwVPQDRjkPCkEsOdEwA
UCvowS_Z5GoJZkDmfr0YCp8g;PITINGO;1884409;3025;UUvowS_Z5GoJZkDmfr0YCp8g
UCWZtj7SYnmOiquAhoaQ89-A;PlaceboVEVO;69571159;109133;UUWZtj7SYnmOiquAhoaQ89-A
UCW5rXwCyRh967sssPzpI5LA;Platero y Tú - Topic;322902;1904;UUW5rXwCyRh967sssPzpI5LA
UCeLHszkByNZtPKcaVXOCOQQ;Post Malone;967939106;11072228;UUeLHszkByNZtPKcaVXOCOQQ
UCDhNZZLokwjkqIyw3wUIRrw;presuntosimplicados;5548451;10804;UUDhNZZLokwjkqIyw3wUIRrw
UCphlOJ8CqfyUi9ayZ2UZmfg;PrinceRoyceVEVO;3209306074;6005615;UUphlOJ8CqfyUi9ayZ2UZmfg
UCulYu1HEIa7f70L2lYZWHOw;michaeljacksonVEVO;6385934757;8440976;UUulYu1HEIa7f70L2lYZWHOw
UCNfcX7JC9kShxzrymDCdAAw;Denis Rem;163498876;606230;UUNfcX7JC9kShxzrymDCdAAw
UCWPdXcbConj7PjUDzmHsTYQ;Radio Futura;2701466;9976;UUWPdXcbConj7PjUDzmHsTYQ
UCq19-LqvG35A-30oyAiPiqA;Radiohead;920087776;1433266;UUq19-LqvG35A-30oyAiPiqA
UCYp3rk70ACGXQ4gFAiMr1SQ;Rammstein Official;1576426620;2734429;UUYp3rk70ACGXQ4gFAiMr1SQ
UCia3sM3GMVzQhau9GcO7i6w;Ramones Music;175531275;157136;UUia3sM3GMVzQhau9GcO7i6w
UC-NwgkrLPYmzM-xoLr2GX-Q;Ideias Radicais;85626049;545451;UU-NwgkrLPYmzM-xoLr2GX-Q
UClapQBGYNOoLYmCct6e3B5Q;Ray Charles - Topic;4167374;14150;UUlapQBGYNOoLYmCct6e3B5Q
UCApYs3-LF__0z1OlyC3OPDQ;RBDVEVO;26472609;89608;UUApYs3-LF__0z1OlyC3OPDQ
UCEuOwB9vSL1oPKGNdONB4ig;Red Hot Chili Peppers;3286495511;4257065;UUEuOwB9vSL1oPKGNdONB4ig
UCgBg57aFg7plL5XbPLRUh0A;Estación Revólver;395864;13620;UUgBg57aFg7plL5XbPLRUh0A
UCmDWOcRAkUX-05hhopOnUDQ;ArjonaOficial;1320145908;3488012;UUmDWOcRAkUX-05hhopOnUDQ
UCM7VzVZAjgsH5F5l6r8uzuw;RichardAshcroftVEVO;12509867;16287;UUM7VzVZAjgsH5F5l6r8uzuw
UC38IQsAvIsxxjztdMZQtwHA;RickAstleyVEVO;679420556;577760;UU38IQsAvIsxxjztdMZQtwHA
UCNpY5DI8KO-ROA2BxgGWrXg;RickyMartinVEVO;4528880258;4159461;UUNpY5DI8KO-ROA2BxgGWrXg
UC2xskkQVFEpLcGFnNSLQY0A;RihannaVEVO;13722546106;26312374;UU2xskkQVFEpLcGFnNSLQY0A
UCqESxycliXwDheOseXqmq8w;ringostarr;1755081;42875;UUqESxycliXwDheOseXqmq8w
UC3Nho5FPo__hIFbg_UlaCgA;Robbie Williams;215507640;1212532;UU3Nho5FPo__hIFbg_UlaCgA
UC2cgN9BQEA14z3ryXNmJjkA;RobertPalmerVEVO;64002783;51171;UU2cgN9BQEA14z3ryXNmJjkA
UCHf6xoVS5t0M5n79WPnHrdw;Robert Plant;28876821;79778;UUHf6xoVS5t0M5n79WPnHrdw
UC_H9KaKUJgRpzrW5P_BYP8w;Robert Ramirez;9718916;8158;UU_H9KaKUJgRpzrW5P_BYP8w
UCV8vZLUO844QnYl6R8MDmBg;Roberta Flack - Topic;3222099;10031;UUV8vZLUO844QnYl6R8MDmBg
UCkgOVlkdnCiQ94trAJ0vxCw;RobertoCarlosVEVO;369532637;518491;UUkgOVlkdnCiQ94trAJ0vxCw
UCC_JSfQlhrKeA_jNeqhLAiA;Robyn;46441695;235661;UUC_JSfQlhrKeA_jNeqhLAiA
UCBgAZZ95M0pSBo69Qb6EuTQ;rociodurcaltv;261436203;360357;UUBgAZZ95M0pSBo69Qb6EuTQ
UCQJ8dGinafM10rIOx5HZsjw;RodStewartVEVO;436999917;397058;UUQJ8dGinafM10rIOx5HZsjw
UCgSvw7asvNq7wJWKMSW28Eg;Boca Rosa;366978665;5247136;UUgSvw7asvNq7wJWKMSW28Eg
UCPRauONTinl-pCdFqKAkpBA;Rosalía Sanz POSITIVA ENERGÍA;65320445;261816;UUPRauONTinl-pCdFqKAkpBA
UCjwmbv6NE4mOh8Z8VhPUx1Q;Rosanna Pansino;2652199000;10979073;UUjwmbv6NE4mOh8Z8VhPUx1Q
UC7zlbnNCnuAPiC3goKcFgUg;Le Sanctuaire Notre-Dame de Lourdes;32359442;70630;UU7zlbnNCnuAPiC3goKcFgUg
UChjlB0IezY5Ykom2xInsMbw;Rosendo Iglesias;458877;1644;UUhjlB0IezY5Ykom2xInsMbw
UCsqZHVmdjjc2VqC5-C0-jCA;Roxette Arisa;57352565;1027589;UUsqZHVmdjjc2VqC5-C0-jCA
UC2imRvD8-2lCBnWM95JrOGQ;RoyOrbison;83354970;229158;UU2imRvD8-2lCBnWM95JrOGQ
UCnkkieZOwsqTwV4rB_jENGw;Rubén Blades - Topic;1424700;6820;UUnkkieZOwsqTwV4rB_jENGw
UCgaIawRRpTlFJnXJ1HZ4trg;Russian Red Skins;5525359;99665;UUgaIawRRpTlFJnXJ1HZ4trg
UC0CG8Kj2DqFc9bJld0hJKBA;Ryland Adams;299572631;3883354;UU0CG8Kj2DqFc9bJld0hJKBA
UC78Cqs2KZ1Pt_wVTRhnyVCg;sade watkins;10322863;153091;UU78Cqs2KZ1Pt_wVTRhnyVCg
UCYW9vMurwIpx1l0bb8gyK7g;Sam Cooke - Topic;5759329;13426;UUYW9vMurwIpx1l0bb8gyK7g
UCjLwctlQdpfy1iE4kua6fKg;Carlos Santana;102947048;2208311;UUjLwctlQdpfy1iE4kua6fKg
UCQwuGuCyzxEdcjUa-BmWu4w;Santiago Auserón;1909257;4398;UUQwuGuCyzxEdcjUa-BmWu4w
UCWZWRN8Zg48lO5QdiXgF0Sw;Sara Baras - Topic;0;128;UUWZWRN8Zg48lO5QdiXgF0Sw
UCriL6-sBup_Tis7trjOALnw;Sarah Brightman;4996635;82134;UUriL6-sBup_Tis7trjOALnw
UC_nbZ-HuskIqkICebzYX_0w;sarahmclachlanVEVO;64889019;76577;UU_nbZ-HuskIqkICebzYX_0w
UC4Q5OpThKinwtBRa_YBbdxA;Sing - Topic;0;9471;UU4Q5OpThKinwtBRa_YBbdxA
UCL_jrFsNj-2iC9Obf5M8_uw;Scorpions - Topic;16807647;32698;UUL_jrFsNj-2iC9Obf5M8_uw
UCq-9OD1pdQQ7e-ma1C_Iz9g;Seals 311;13110231;91432;UUq-9OD1pdQQ7e-ma1C_Iz9g
UCjB_adDAIxOL8GA4Y4OCt8g;MM7Games;1587773107;3607674;UUjB_adDAIxOL8GA4Y4OCt8g
UCmN2fvxHJFmnEZSdvB8Ni-Q;Instituto Mexicano del Seguro Social;4836624;13823;UUmN2fvxHJFmnEZSdvB8Ni-Q
UCjK8ORC71kwyj1DWFwril_A;SelenaGomezVEVO;7003219505;15486071;UUjK8ORC71kwyj1DWFwril_A
UCnro5Y7-wQ8KHmzSnumyNaQ;Sergio Dalma;139927999;198787;UUnro5Y7-wQ8KHmzSnumyNaQ
UCz8bkZoVLH4p5r2SF3bj9xg;ShailaDurcalVEVO;134953659;144881;UUz8bkZoVLH4p5r2SF3bj9xg
UCGnjeahCJW1AF34HBmQTJ-Q;shakiraVEVO;15630145209;19428813;UUGnjeahCJW1AF34HBmQTJ-Q
UCGD9Vd6tEBkmM0hArMjgu3w;ShaniaTwainVEVO;1082482066;961455;UUGD9Vd6tEBkmM0hArMjgu3w
UCCHMMvGTx8CT02LHGFcjrfg;GMS HOUSTON TEXAS;264554;1948;UUCHMMvGTx8CT02LHGFcjrfg
UC4-TgOSMJHn-LtY4zCzbQhw;ShawnMendesVEVO;5743095881;11375968;UU4-TgOSMJHn-LtY4zCzbQhw
UCjwhEPNX5rsU6gl_8qZMQZg;Kid Rock;710957100;976852;UUjwhEPNX5rsU6gl_8qZMQZg
UCN9HPn2fq-NL8M5_kp4RWZQ;Sia;202132380;14609239;UUN9HPn2fq-NL8M5_kp4RWZQ
UC12pMP_k9_TvO9GC-n6Olbw;SidonieVEVO;19916448;20919;UU12pMP_k9_TvO9GC-n6Olbw
UCtDjosT2Y8BK-qUnNkbnNAg;Silvio Rodríguez - Topic;2753150;32104;UUtDjosT2Y8BK-qUnNkbnNAg
UCvKbr7LAMi2Xqyensk7i5Ng;SimpleMindsVEVO;218307777;124221;UUvKbr7LAMi2Xqyensk7i5Ng
UCKI33Zd-b17rDIcPSv9E_-w;SimplePlan;455335470;1029225;UUKI33Zd-b17rDIcPSv9E_-w
UCwtvFWbWkLr8ra51W-pLstQ;Simply Red;465941181;404060;UUwtvFWbWkLr8ra51W-pLstQ
UCaJmMC7W6kU1QVaa1xb-2Hg;Sinéad O'Connor;3716815;233551;UUaJmMC7W6kU1QVaa1xb-2Hg
UCrGq-k_s96Kd2BzOrcS7_AA;Siniestro Total - Topic;370029;623;UUrGq-k_s96Kd2BzOrcS7_AA
UCPu7MMzUJACDH8AEE5RlhCQ;SkaPVEVO;106012196;147708;UUPu7MMzUJACDH8AEE5RlhCQ
UC6WCQjfkWnDWvFfw_YDrq5g;Slash;56023920;500744;UU6WCQjfkWnDWvFfw_YDrq5g
UCS4bqe_kRDbaKsrpqfHZ08A;SnowPatrolVEVO;452249092;479138;UUS4bqe_kRDbaKsrpqfHZ08A
UCfA6kwpdkQenkHnLcgmzz-A;SodaStereoVEVO;845960425;586695;UUfA6kwpdkQenkHnLcgmzz-A
UCt6D1ZvBJMfFOTTe863JqHg;Sole Gimenez Catálogo;1852265;4019;UUt6D1ZvBJMfFOTTe863JqHg
UCMmGdVi4OaRMktNrHNOAyOQ;Spandau Ballet - Topic;2064957;1861;UUMmGdVi4OaRMktNrHNOAyOQ
UCkwp8zNlvkrTlu_JIy0ZzAg;OfficialSpiceGirls;9396864;41711;UUkwp8zNlvkrTlu_JIy0ZzAg
UC0y98-1Rorhqn0oLrfJlTiQ;OfficialStatusQuo;5674278;22869;UU0y98-1Rorhqn0oLrfJlTiQ
UCRUe8cfECb_SNa-Y15Z4EZw;Stereolab - Topic;52146;1895;UURUe8cfECb_SNa-Y15Z4EZw
UC07pXPiSIHSIftEddcEmwrQ;Stereophonics Official;33349885;215738;UU07pXPiSIHSIftEddcEmwrQ
UCKTv8FBJh-7_clKU-9Pbp-g;johnniewalker23;290780590;153425;UUKTv8FBJh-7_clKU-9Pbp-g
UC6E2mP01ZLH_kbAyeazCNdg;Brave Wilderness;2557135925;14099211;UU6E2mP01ZLH_kbAyeazCNdg
UCOj8OMrpZo3k3hJZ7UrVI0g;Suede Brooks;14159167;311561;UUOj8OMrpZo3k3hJZ7UrVI0g
UCc91UOPaT-Pxh_YPydknwwA;SugababesVEVO;107379230;57702;UUc91UOPaT-Pxh_YPydknwwA
UCyX_6rb1qlRRjVRfge5_d2g;Sugar Ray Videos;75496821;42915;UUyX_6rb1qlRRjVRfge5_d2g
UCwgURKfUA7e0Z7_qE3TvBFQ;devinsupertramp;1204711832;5311805;UUwgURKfUA7e0Z7_qE3TvBFQ
UCGZazpc8WlWMQAavpOiwvyw;Suzanne Vega - Topic;631488;1627;UUGZazpc8WlWMQAavpOiwvyw
UC3p0IP1v4OoJOKl-PS5g0_w;TakeThatVEVO;267256682;237424;UU3p0IP1v4OoJOKl-PS5g0_w
UCminozacV4jDfaQohcSFyCQ;Angelique Kidjo;5244809;0;UUminozacV4jDfaQohcSFyCQ
UCMGtOlrPpsAi90pJKMCopPw;Tam Tam Go! - Topic;87026;169;UUMGtOlrPpsAi90pJKMCopPw
UCwLnjNtJw8Tsa2tAJW7-nnQ;Tamara Kalinic;21547069;194958;UUwLnjNtJw8Tsa2tAJW7-nnQ
UC-xbvA04CgxCj7-S_J8xOJg;TanitaTikaramTV;405322;2946;UU-xbvA04CgxCj7-S_J8xOJg
UCrucyP2IWI3LoVmDcAPeZYQ;Carlos Tarque - Topic;0;49;UUrucyP2IWI3LoVmDcAPeZYQ
UCN3Jj2sU9LNFQplsjsdxdrw;RebelTaxi;98195331;411595;UUN3Jj2sU9LNFQplsjsdxdrw
UCANLZYMidaCbLQFWXBC95Jg;TaylorSwiftVEVO;16280411557;27705392;UUANLZYMidaCbLQFWXBC95Jg
UCUeZg9WbtcvcfMzEbxIA5Cw;TearsForFearsVEVO;231307397;291090;UUUeZg9WbtcvcfMzEbxIA5Cw
UCqWx8kI1kpMdTD6-l3wMPfw;Bianca Adam;212019414;1504175;UUqWx8kI1kpMdTD6-l3wMPfw
UCUItBj3AsPWII8bh6QOrpig;terencetrentVEVO;25355255;24742;UUUItBj3AsPWII8bh6QOrpig
UCPneQWIon6-huflT2wO-ERw;Advanced Chiropractic Relief;52102535;144651;UUPneQWIon6-huflT2wO-ERw
UCwhR7Yzx_liQ-mR4nMUHhkg;ThaliaVEVO;3037661187;2337364;UUwhR7Yzx_liQ-mR4nMUHhkg
UCl6_GAcU5TDMDmriZiIRYwA;shishx the animal;5038030;22286;UUl6_GAcU5TDMDmriZiIRYwA
UCI86prlqXhbkREDMTaORvLQ;BeastBoyShub;219142737;1307848;UUI86prlqXhbkREDMTaORvLQ
UC4dqLAF7yT-_DqeYisQ001w;TheBeatlesVEVO;1104210958;1340954;UU4dqLAF7yT-_DqeYisQ001w
UC8la1AYDt0L2E9_qOqlgMKA;BluesBrothersMusic;151324723;91670;UU8la1AYDt0L2E9_qOqlgMKA
UCvxfkAkOudHZFwF4YdMhiLA;The Cabriolets - Topic;2205;42;UUvxfkAkOudHZFwF4YdMhiLA
UChkq5bUlunfPVYfFstsYPhw;The Cardigans;7722236;32499;UUhkq5bUlunfPVYfFstsYPhw
UC11RIQQg3bSkGtnpx9dom5g;ChemicalBrothersVEVO;265196216;241792;UU11RIQQg3bSkGtnpx9dom5g
UCTewq3_EPFnNBkok1k-KUIA;The Communards - Topic;74598;737;UUTewq3_EPFnNBkok1k-KUIA
UCuW-w9CdzBV-BUIo8C0gCmw;The Corrs;97471500;117509;UUuW-w9CdzBV-BUIo8C0gCmw
UCF9i903aeMcvcapmP1bS1oA;TheCranberriesVEVO;1582204727;1409896;UUF9i903aeMcvcapmP1bS1oA
UCtlfyd1Xs9CtxfBNP9_IgAw;Cult of Dusty;49502959;254498;UUtlfyd1Xs9CtxfBNP9_IgAw
UCK-6FjMu9OI8i0Fo6bkW0VA;Democracy At Work;4169207;78578;UUK-6FjMu9OI8i0Fo6bkW0VA
UCIfrn1zVonadeYfOCFVkPEw;EvenAtTheDoors;2774738;20050;UUIfrn1zVonadeYfOCFVkPEw
UCMPT34O5YMHomITiORjeRVg;The Housemartins - Topic;227996;1045;UUMPT34O5YMHomITiORjeRVg
UCOhdSQTL4knccM5MObxuICg;Human League;1009672;65136;UUOhdSQTL4knccM5MObxuICg
UCoIOOL7QKuBhQHVKL8y7BEQ;Michael Jackson - Topic;155712093;253854;UUoIOOL7QKuBhQHVKL8y7BEQ
UCgOau8qHraQofT7OXL-qlDg;Join The Jacksons;5831488;27649;UUgOau8qHraQofT7OXL-qlDg
UCjB3CzA-MwHrDzuXGweNiMg;TheKillersVEVO;1306592072;1440027;UUjB3CzA-MwHrDzuXGweNiMg
UC_NS3vx8ZLC6MPJJkBV1x9A;The Kinks Official;59996844;75534;UU_NS3vx8ZLC6MPJJkBV1x9A
UCvM8QDvA_-xAiqOMxwRDOMQ;The Lemonheads - Topic;348066;815;UUvM8QDvA_-xAiqOMxwRDOMQ
UCUifbmzuPtWDjyefmmIWzFA;The Mamas & the Papas - Topic;1032567;4072;UUUifbmzuPtWDjyefmmIWzFA
UCv1oY0OLtsEySHeP1TkYNqA;The Monkees;16161533;44176;UUv1oY0OLtsEySHeP1TkYNqA
UCF3EnnuLjeab3r8l1k2rV9g;OffspringVEVO;280278379;546974;UUF3EnnuLjeab3r8l1k2rV9g
UCEYLdM2bdhmw-TS3c0TjFNw;Patty Mayo;348440523;4930176;UUEYLdM2bdhmw-TS3c0TjFNw
UCiA9R5n9sR06RgGGigkY5RA;ThePussycatDollsVEVO;1452443306;1452030;UUiA9R5n9sR06RgGGigkY5RA
UCcjWoLUPOkEVhevjI8DB5vQ;Sex Pistols Official;425136;106375;UUcjWoLUPOkEVhevjI8DB5vQ
UCr6n2gOy_WwuXFm-YjC28GQ;TheSmithPlays;652361269;2498588;UUr6n2gOy_WwuXFm-YjC28GQ
UC5HlVQ64L25lubnxJaSTriA;StoneRosesVEVO;65575171;86026;UU5HlVQ64L25lubnxJaSTriA
UC_JnlnBEy6F7CuwIQ-KSGBg;thestrokesVEVO;558554211;716617;UU_JnlnBEy6F7CuwIQ-KSGBg
UCXNWrugB_J3sRBYR9idQWzg;The Velvet Underground - Topic;812037;10845;UUXNWrugB_J3sRBYR9idQWzg
UCY9j66iGshbnQhO7ggwRyhA;TheVerveVEVO;593573488;196007;UUY9j66iGshbnQhO7ggwRyhA
UCo5omxucc1GfxRRwisE1QJw;The Wallflowers - Topic;2469368;2410;UUo5omxucc1GfxRRwisE1QJw
UCcBsjhTcKLYfwMLYT4DjoHw;The Waterboy;7660870;17151;UUcBsjhTcKLYfwMLYT4DjoHw
UCCwXWdQplS9iGCr1ivXHcJg;Music Vault;55308092;157697;UUCwXWdQplS9iGCr1ivXHcJg
UC--CUY9RbIaFjKM3wZkIEOA;The Yardbirds - Topic;610906;3744;UU--CUY9RbIaFjKM3wZkIEOA
UCYN2-vxVeld_77xPpgY7KIw;Radiohead's interviews' archive;2213534;7055;UUYN2-vxVeld_77xPpgY7KIw
UCrHeROKlt3iOzhZHRV2oYkg;TimbalandVEVO;1126394538;1053864;UUrHeROKlt3iOzhZHRV2oYkg
UCLP3TfuYaKSqYjhi8KI3J4g;TINA Turner Blog;157143109;369092;UULP3TfuYaKSqYjhi8KI3J4g
UCvBz3n23YgAvAHfoZtdqZCA;TizianoFerroVEVO;714843991;707480;UUvBz3n23YgAvAHfoZtdqZCA
UCEGVZ50kxeQrgbZ9CBTPXcg;Tokio Hotel;114295576;695709;UUEGVZ50kxeQrgbZ9CBTPXcg
UCy2JIPsxsCoDK3M1BcEVGGA;Tom Jones;8103441;60679;UUy2JIPsxsCoDK3M1BcEVGGA
UCvYomLPMwUr1FAXRMGhVfCQ;tompetty;59236629;241392;UUvYomLPMwUr1FAXRMGhVfCQ
UC39N3pyt2Z15oOMjouokl8A;Tom Waits - Topic;3171227;28400;UU39N3pyt2Z15oOMjouokl8A
UCULfM2Be2qMbNs48S81MUgA;Toni Braxton - Topic;18527769;33732;UUULfM2Be2qMbNs48S81MUgA
UCeVb1p9-ZgbuNCDpITSfxVQ;TotoVEVO;689527168;337518;UUeVb1p9-ZgbuNCDpITSfxVQ
UCIITPAqCgOjtfxfrd8YqQCg;Tracy Chapman Online;29263331;109703;UUIITPAqCgOjtfxfrd8YqQCg
UCK2ACorzpH-igxuHZ2ObCEA;itsJudysLife;917063579;1658202;UUK2ACorzpH-igxuHZ2ObCEA
UCWkYXtnAuu7VTLPwUcRSB6A;Kylie Jenner;205235435;4133614;UUWkYXtnAuu7VTLPwUcRSB6A
UCBQZwaNPFfJ1gZ1fLZpAEGw;twenty one pilots;1720493834;8588860;UUBQZwaNPFfJ1gZ1fLZpAEGw
UC4gPNusMDwx2Xm-YI35AkCA;U2;54380234;1432750;UU4gPNusMDwx2Xm-YI35AkCA
UCXwJE0iEj-xADTskRw3EaXg;UB40VEVO;370597961;200640;UUXwJE0iEj-xADTskRw3EaXg
UCoRe7jVjCcPIMz3bql3EZlw;Ultravox - Topic;0;3;UUoRe7jVjCcPIMz3bql3EZlw
UCU8hEdjK8u27TM7KA8JVIEw;UsherVEVO;2694422818;3727337;UUU8hEdjK8u27TM7KA8JVIEw
UCfOTTeREY6_1LSW5M0bdG7g;VHTelevision;92391984;102344;UUfOTTeREY6_1LSW5M0bdG7g
UCEaleBSrSBDmm3VFKgpDsgA;Van Morrison;6007473;89540;UUEaleBSrSBDmm3VFKgpDsgA
UCMjTkVHcsbIZ8OhcdXAH0bA;VanessaCarltonVEVO;257163977;370152;UUMjTkVHcsbIZ8OhcdXAH0bA
UCfRdpdaOl63QS5NTo4LQzDw;VanessaParadisVEVO;69833648;82081;UUfRdpdaOl63QS5NTo4LQzDw
UCHPI11KOXk6Q-sqldvutoQw;Vanessa Williams - Topic;855921;3064;UUHPI11KOXk6Q-sqldvutoQw
UCNms80n59AltHVQuPgGrKkg;Vangelis - Topic;1077043;17850;UUNms80n59AltHVQuPgGrKkg
UC2B1e-B1_eZ359OKgOLZeEA;OficialVargasBlues;2574221;4039;UU2B1e-B1_eZ359OKgOLZeEA
UCeFIF66saXQVxRiyckv820Q;Celestia Vega;29743087;582475;UUeFIF66saXQVxRiyckv820Q
UC1ZJB8MepA7B7zQE8TmzQdQ;Vengaboys;429318481;517719;UU1ZJB8MepA7B7zQE8TmzQdQ
UCNopoBpPj8RUebuv5Ds5Cqw;Veronica Wang;187444425;1140933;UUNopoBpPj8RUebuv5Ds5Cqw
UC4aeTjARGAiYqsoca-2JTIg;vetusta morla;78499821;147043;UU4aeTjARGAiYqsoca-2JTIg
UCQz9VIfqA7dIeBY8oBuj89w;Victor Manuelle - Topic;5484939;9661;UUQz9VIfqA7dIeBY8oBuj89w
UCcLtWSatrZcqCSl3zb8s3Ug;Vonda Shepard - Topic;92188;448;UUcLtWSatrZcqCSl3zb8s3Ug
UCm1QnxCbcLB8fQwoTDk39iQ;WhamVEVO;821721444;505662;UUm1QnxCbcLB8fQwoTDk39iQ
UCG5fkJ8-2b2ZjWpVNpr7Dqg;whitneyhoustonVEVO;2573963768;2669239;UUG5fkJ8-2b2ZjWpVNpr7Dqg
UC1Xi6LtAr25-N8i8yg8fyQg;aggiespoenk;10709179;4602;UU1Xi6LtAr25-N8i8yg8fyQg
UC_nBrnmRNUgbvTbsr20gssQ;Wilson Pickett - Topic;587988;2236;UU_nBrnmRNUgbvTbsr20gssQ
UCbRNpeppoTDoUpfy-IslXxw;Yael Naim;4705616;15866;UUbRNpeppoTDoUpfy-IslXxw
UCYRUbc1Jm0_B48LM94L2F0g;ZZTopVEVO;33590519;51970;UUYRUbc1Jm0_B48LM94L2F0g
